sim_time,control_mode,edge_mode,cmd_vx,cmd_vy,cmd_wz,base_x,base_y,base_z,body_vx,body_vy,body_wz,left_contact,right_contact,left_force_z,right_force_z
0.5000,policy,DAMP,0.0000,0.0000,0.0000,-0.0014,-0.0000,0.6093,0.0004,-0.0000,-0.0000,1,1,24.38,24.38
0.5200,policy,DAMP,0.0000,0.0000,0.0000,-0.0014,-0.0000,0.6093,-0.0005,0.0000,-0.0000,1,1,24.78,24.78
0.5400,policy,DAMP,0.0000,0.0000,0.0000,-0.0014,-0.0000,0.6093,-0.0010,0.0000,0.0000,1,1,25.23,25.23
0.5600,policy,DAMP,0.0000,0.0000,0.0000,-0.0014,-0.0000,0.6093,-0.0013,0.0000,0.0000,1,1,25.67,25.67
0.5800,policy,DAMP,0.0000,0.0000,0.0000,-0.0015,-0.0000,0.6093,-0.0013,0.0000,0.0000,1,1,26.04,26.04
0.6000,policy,DAMP,0.0000,0.0000,0.0000,-0.0015,-0.0000,0.6093,-0.0012,0.0000,0.0000,1,1,26.33,26.33
0.6200,policy,DAMP,0.0000,0.0000,0.0000,-0.0015,-0.0000,0.6093,-0.0010,0.0000,0.0000,1,1,26.51,26.52
0.6400,policy,DAMP,0.0000,0.0000,0.0000,-0.0015,-0.0000,0.6093,-0.0007,0.0000,0.0000,1,1,26.61,26.61
0.6600,policy,DAMP,0.0000,0.0000,0.0000,-0.0015,-0.0000,0.6093,-0.0004,0.0000,0.0000,1,1,26.62,26.62
0.6800,policy,DAMP,0.0000,0.0000,0.0000,-0.0015,-0.0000,0.6093,-0.0001,0.0000,0.0000,1,1,26.58,26.58
0.7000,policy,DAMP,0.0000,0.0000,0.0000,-0.0015,-0.0000,0.6093,0.0001,0.0000,-0.0000,1,1,26.50,26.51
0.7200,policy,DAMP,0.0000,0.0000,0.0000,-0.0015,-0.0000,0.6093,0.0002,0.0000,-0.0000,1,1,26.41,26.42
0.7400,policy,DAMP,0.0000,0.0000,0.0000,-0.0015,-0.0000,0.6093,0.0002,0.0000,-0.0000,1,1,26.33,26.34
0.7600,policy,DAMP,0.0000,0.0000,0.0000,-0.0015,-0.0000,0.6093,0.0002,0.0000,-0.0000,1,1,26.27,26.28
0.7800,policy,DAMP,0.0000,0.0000,0.0000,-0.0015,-0.0000,0.6093,0.0002,0.0000,-0.0000,1,1,26.23,26.24
0.8000,policy,DAMP,0.0000,0.0000,0.0000,-0.0015,-0.0000,0.6093,0.0001,0.0000,-0.0000,1,1,26.21,26.22
0.8200,policy,DAMP,0.0000,0.0000,0.0000,-0.0015,-0.0000,0.6093,0.0001,-0.0000,-0.0000,1,1,26.21,26.22
0.8400,policy,DAMP,0.0000,0.0000,0.0000,-0.0015,-0.0000,0.6093,0.0000,-0.0000,-0.0000,1,1,26.24,26.24
0.8600,policy,DAMP,0.0000,0.0000,0.0000,-0.0015,-0.0000,0.6093,-0.0001,-0.0000,-0.0000,1,1,26.27,26.28
0.8800,policy,DAMP,0.0000,0.0000,0.0000,-0.0015,-0.0000,0.6093,-0.0001,-0.0000,-0.0000,1,1,26.31,26.32
0.9000,policy,DAMP,0.0000,0.0000,0.0000,-0.0015,-0.0000,0.6093,-0.0001,0.0000,-0.0000,1,1,26.36,26.37
0.9200,policy,DAMP,0.0000,0.0000,0.0000,-0.0015,-0.0000,0.6093,-0.0001,0.0000,-0.0000,1,1,26.40,26.41
0.9400,policy,DAMP,0.0000,0.0000,0.0000,-0.0015,-0.0000,0.6093,-0.0001,-0.0000,-0.0000,1,1,26.44,26.45
0.9600,policy,DAMP,0.0000,0.0000,0.0000,-0.0015,-0.0000,0.6093,-0.0001,-0.0000,-0.0000,1,1,26.47,26.48
0.9800,policy,DAMP,0.0000,0.0000,0.0000,-0.0015,-0.0000,0.6093,-0.0001,-0.0000,-0.0000,1,1,26.50,26.51
1.0000,policy,DAMP,0.0000,0.0000,0.0000,-0.0015,-0.0000,0.6093,-0.0001,0.0000,-0.0000,1,1,26.52,26.53
1.0200,policy,DAMP,0.0000,0.0000,0.0000,-0.0015,-0.0000,0.6093,-0.0001,0.0000,-0.0000,1,1,26.54,26.55
1.0400,policy,DAMP,0.0000,0.0000,0.0000,-0.0015,-0.0000,0.6093,-0.0001,0.0000,-0.0000,1,1,26.55,26.56
1.0600,policy,DAMP,0.0000,0.0000,0.0000,-0.0015,-0.0000,0.6093,-0.0000,0.0000,-0.0000,1,1,26.56,26.57
1.0800,policy,DAMP,0.0000,0.0000,0.0000,-0.0015,-0.0000,0.6093,-0.0000,0.0000,-0.0000,1,1,26.57,26.58
1.1000,policy,DAMP,0.0000,0.0000,0.0000,-0.0015,-0.0000,0.6093,-0.0000,0.0000,-0.0000,1,1,26.58,26.59
1.1200,policy,DAMP,0.0000,0.0000,0.0000,-0.0015,-0.0000,0.6093,-0.0000,0.0000,-0.0000,1,1,26.59,26.61
1.1400,policy,DAMP,0.0000,0.0000,0.0000,-0.0015,-0.0000,0.6093,-0.0000,0.0000,-0.0000,1,1,26.61,26.62
1.1600,policy,DAMP,0.0000,0.0000,0.0000,-0.0015,-0.0000,0.6093,-0.0000,0.0000,-0.0000,1,1,26.62,26.63
1.1800,policy,DAMP,0.0000,0.0000,0.0000,-0.0015,-0.0000,0.6093,-0.0000,0.0000,-0.0000,1,1,26.64,26.65
1.2000,policy,DAMP,0.0000,0.0000,0.0000,-0.0015,-0.0000,0.6093,-0.0001,0.0000,-0.0000,1,1,26.65,26.67
1.2200,policy,DAMP,0.0000,0.0000,0.0000,-0.0016,-0.0000,0.6093,-0.0001,0.0000,-0.0000,1,1,26.67,26.68
1.2400,policy,DAMP,0.0000,0.0000,0.0000,-0.0016,0.0000,0.6093,-0.0001,0.0000,-0.0000,1,1,26.69,26.70
1.2600,policy,DAMP,0.0000,0.0000,0.0000,-0.0016,0.0000,0.6093,-0.0001,0.0000,-0.0000,1,1,26.71,26.72
1.2800,policy,DAMP,0.0000,0.0000,0.0000,-0.0016,0.0000,0.6093,-0.0001,0.0000,-0.0000,1,1,26.72,26.74
1.3000,policy,DAMP,0.0000,0.0000,0.0000,-0.0016,0.0000,0.6093,-0.0001,0.0000,-0.0000,1,1,26.74,26.75
1.3200,policy,DAMP,0.0000,0.0000,0.0000,-0.0016,0.0000,0.6093,-0.0001,0.0000,-0.0000,1,1,26.76,26.77
1.3400,policy,DAMP,0.0000,0.0000,0.0000,-0.0016,0.0000,0.6093,-0.0001,0.0000,-0.0000,1,1,26.77,26.78
1.3600,policy,DAMP,0.0000,0.0000,0.0000,-0.0016,0.0000,0.6093,-0.0001,0.0000,-0.0000,1,1,26.79,26.80
1.3800,policy,DAMP,0.0000,0.0000,0.0000,-0.0016,0.0000,0.6093,-0.0000,0.0000,-0.0000,1,1,26.80,26.81
1.4000,policy,DAMP,0.0000,0.0000,0.0000,-0.0016,0.0000,0.6093,-0.0000,0.0000,-0.0000,1,1,26.81,26.83
1.4200,policy,DAMP,0.0000,0.0000,0.0000,-0.0016,0.0000,0.6093,-0.0000,0.0000,-0.0000,1,1,26.83,26.84
1.4400,policy,DAMP,0.0000,0.0000,0.0000,-0.0016,0.0000,0.6093,-0.0000,0.0000,-0.0000,1,1,26.84,26.86
1.4600,policy,DAMP,0.0000,0.0000,0.0000,-0.0016,0.0000,0.6093,-0.0000,0.0000,-0.0000,1,1,26.86,26.87
