time,cmd_vx,cmd_vy,cmd_wz,pelvis_x,pelvis_y,pelvis_z,pelvis_vx,pelvis_vy,pelvis_wz,pelvis_roll_deg,pelvis_pitch_deg,pelvis_tilt_deg,max_torque_pct,left_contact,right_contact,fell
0.0,0.0,0.0,0.0,0.0004,0.0,0.6367,0.0219,0.0041,0.0666,0.04,-0.07,0.08,33.6,0,0,0
0.02,0.0,0.0,0.0,0.0008,-0.0001,0.6306,0.0172,-0.0084,0.0145,0.09,-0.16,0.18,55.0,0,0,0
0.04,0.0,0.0,0.0,0.0012,0.0005,0.6206,0.0181,0.0365,0.145,0.15,-0.23,0.27,100.0,0,0,0
0.06,0.0,0.0,0.0,0.003,0.001,0.6148,0.131,0.005,-0.0854,0.24,-0.62,0.67,100.0,0,0,0
0.08,0.0,0.0,0.0,0.0051,0.001,0.6157,0.0816,-0.0021,0.0088,0.31,-0.98,1.03,100.0,0,0,0
0.1,0.0,0.0,0.0,0.0063,0.0009,0.6173,0.0487,-0.0014,0.0036,0.34,-1.09,1.14,100.0,0,0,0
0.12,0.0,0.0,0.0,0.007,0.001,0.6184,0.0279,0.0057,-0.0006,0.35,-1.1,1.16,100.0,0,0,0
0.14,0.0,0.0,0.0,0.0074,0.0012,0.619,0.016,0.0137,-0.0007,0.34,-1.1,1.15,100.0,0,0,0
0.16,0.0,0.0,0.0,0.0075,0.0016,0.6193,0.0048,0.0206,0.0011,0.31,-1.11,1.16,100.0,0,0,0
0.18,0.0,0.0,0.0,0.0075,0.002,0.6194,-0.0051,0.0239,0.0005,0.29,-1.13,1.17,100.0,0,0,0
0.2,0.0,0.0,0.0,0.0073,0.0025,0.6194,-0.0133,0.0213,-0.0029,0.27,-1.17,1.2,100.0,0,0,0
0.22,0.0,0.0,0.0,0.0069,0.0028,0.6195,-0.0199,0.0137,-0.0023,0.26,-1.23,1.25,100.0,0,0,0
0.24,0.0,0.0,0.0,0.0065,0.0029,0.6195,-0.0241,0.0024,-0.0123,0.26,-1.31,1.33,100.0,0,0,0
0.26,0.0,0.0,0.0,0.0059,0.0028,0.6194,-0.0302,-0.0094,-0.0071,0.27,-1.41,1.43,100.0,0,0,0
0.28,0.0,0.0,0.0,0.0052,0.0025,0.6194,-0.0362,-0.0202,-0.0031,0.28,-1.52,1.54,100.0,0,0,0
0.3,0.0,0.0,0.0,0.0044,0.0019,0.6193,-0.0414,-0.0302,-0.0037,0.3,-1.63,1.65,100.0,0,0,0
0.32,0.0,0.0,0.0,0.0035,0.0012,0.6192,-0.0453,-0.0377,-0.0043,0.32,-1.74,1.77,100.0,0,0,0
0.34,0.0,0.0,0.0,0.0026,0.0004,0.619,-0.0481,-0.0431,-0.0052,0.34,-1.86,1.89,100.0,0,0,0
0.36,0.0,0.0,0.0,0.0016,-0.0005,0.6189,-0.0501,-0.0466,-0.0062,0.35,-1.99,2.02,100.0,0,0,0
0.38,0.0,0.0,0.0,0.0006,-0.0015,0.6188,-0.0511,-0.0486,-0.0071,0.36,-2.11,2.14,100.0,0,0,0
0.4,0.0,0.0,0.0,-0.0005,-0.0024,0.6187,-0.0514,-0.0494,-0.0077,0.37,-2.24,2.27,100.0,0,0,0
0.42,0.0,0.0,0.0,-0.0015,-0.0034,0.6186,-0.0509,-0.0493,-0.008,0.39,-2.36,2.39,100.0,0,0,0
0.44,0.0,0.0,0.0,-0.0025,-0.0044,0.6185,-0.0498,-0.0486,-0.0083,0.4,-2.49,2.52,100.0,0,0,0
0.46,0.0,0.0,0.0,-0.0035,-0.0054,0.6184,-0.0484,-0.0474,-0.0084,0.42,-2.61,2.64,100.0,0,0,0
0.48,0.0,0.0,0.0,-0.0044,-0.0063,0.6183,-0.0466,-0.0458,-0.0085,0.44,-2.73,2.76,100.0,0,0,0
0.5,0.0,0.0,0.0,-0.0053,-0.0072,0.6182,-0.0444,-0.0438,-0.0084,0.45,-2.84,2.87,100.0,0,0,0
0.52,0.0,0.0,0.0,-0.0062,-0.008,0.6182,-0.0419,-0.0415,-0.0083,0.47,-2.95,2.98,100.0,0,0,0
0.54,0.0,0.0,0.0,-0.007,-0.0088,0.6181,-0.0386,-0.0387,-0.0078,0.49,-3.05,3.09,100.0,0,0,0
0.56,0.0,0.0,0.0,-0.0077,-0.0096,0.6181,-0.0357,-0.0351,-0.0075,0.5,-3.15,3.19,100.0,0,0,0
0.58,0.0,0.0,0.0,-0.0084,-0.0102,0.6181,-0.0327,-0.0311,-0.0069,0.51,-3.25,3.29,100.0,0,0,0
0.6,0.0,0.0,0.0,-0.009,-0.0108,0.6181,-0.0297,-0.027,-0.0062,0.52,-3.33,3.37,100.0,0,0,0
0.62,0.0,0.0,0.0,-0.0096,-0.0113,0.6181,-0.0269,-0.0228,-0.0056,0.53,-3.41,3.45,100.0,0,0,0
0.64,0.0,0.0,0.0,-0.0101,-0.0117,0.6181,-0.0241,-0.0182,-0.0046,0.53,-3.49,3.53,100.0,0,0,0
0.66,0.0,0.0,0.0,-0.0105,-0.012,0.618,-0.0213,-0.0136,-0.0035,0.53,-3.56,3.6,100.0,0,0,0
0.68,0.0,0.0,0.0,-0.0109,-0.0122,0.618,-0.0186,-0.0094,-0.0026,0.53,-3.62,3.66,100.0,0,0,0
0.7,0.0,0.0,0.0,-0.0113,-0.0123,0.618,-0.0163,-0.0053,-0.0015,0.53,-3.68,3.72,100.0,0,0,0
0.72,0.0,0.0,0.0,-0.0116,-0.0124,0.618,-0.0142,-0.0016,-0.0005,0.53,-3.73,3.77,100.0,0,0,0
0.74,0.0,0.0,0.0,-0.0118,-0.0124,0.618,-0.0124,0.0016,0.0004,0.52,-3.77,3.81,100.0,0,0,0
0.76,0.0,0.0,0.0,-0.0121,-0.0123,0.618,-0.011,0.0041,0.0007,0.51,-3.81,3.85,100.0,0,0,0
0.78,0.0,0.0,0.0,-0.0123,-0.0122,0.618,-0.0097,0.0059,0.0009,0.51,-3.84,3.88,100.0,0,0,0
0.8,0.0,0.0,0.0,-0.0124,-0.0121,0.618,-0.0086,0.0072,0.0011,0.49,-3.87,3.9,100.0,0,0,0
0.82,0.0,0.0,0.0,-0.0126,-0.0119,0.618,-0.0078,0.0081,0.0011,0.48,-3.89,3.92,100.0,0,0,0
0.84,0.0,0.0,0.0,-0.0127,-0.0118,0.618,-0.007,0.0087,0.0012,0.47,-3.91,3.93,100.0,0,0,0
0.86,0.0,0.0,0.0,-0.0129,-0.0116,0.618,-0.0061,0.0091,0.0015,0.45,-3.92,3.95,100.0,0,0,0
0.88,0.0,0.0,0.0,-0.013,-0.0114,0.618,-0.0054,0.0093,0.0017,0.44,-3.93,3.96,100.0,0,0,0
0.9,0.0,0.0,0.0,-0.0131,-0.0112,0.618,-0.0048,0.0092,0.0018,0.43,-3.94,3.97,100.0,0,0,0
0.92,0.0,0.0,0.0,-0.0132,-0.011,0.618,-0.0043,0.009,0.0019,0.42,-3.95,3.98,100.0,0,0,0
0.94,0.0,0.0,0.0,-0.0133,-0.0109,0.618,-0.0038,0.0086,0.0018,0.41,-3.96,3.98,100.0,0,0,0
0.96,0.0,0.0,0.0,-0.0133,-0.0107,0.618,-0.0034,0.0081,0.0018,0.4,-3.97,3.99,100.0,0,0,0
0.98,0.0,0.0,0.0,-0.0134,-0.0105,0.618,-0.0031,0.0074,0.0017,0.39,-3.98,4.0,100.0,0,0,0
1.0,0.0,0.0,0.0,-0.0134,-0.0104,0.618,-0.0028,0.0066,0.0015,0.39,-3.98,4.0,100.0,0,0,0
1.02,0.0,0.0,0.0,-0.0135,-0.0103,0.618,-0.0025,0.0058,0.0014,0.38,-3.99,4.01,100.0,0,0,0
1.04,0.0,0.0,0.0,-0.0135,-0.0102,0.618,-0.0023,0.0049,0.0011,0.38,-3.99,4.01,100.0,0,0,0
1.06,0.0,0.0,0.0,-0.0136,-0.0101,0.618,-0.0021,0.0041,0.0009,0.38,-4.0,4.02,100.0,0,0,0
1.08,0.0,0.0,0.0,-0.0136,-0.01,0.618,-0.0019,0.0033,0.0007,0.38,-4.0,4.02,100.0,0,0,0
1.1,0.0,0.0,0.0,-0.0137,-0.01,0.618,-0.0017,0.0025,0.0005,0.37,-4.01,4.02,100.0,0,0,0
1.12,0.0,0.0,0.0,-0.0137,-0.0099,0.618,-0.0015,0.0019,0.0003,0.37,-4.01,4.03,100.0,0,0,0
1.14,0.0,0.0,0.0,-0.0137,-0.0099,0.618,-0.0013,0.0012,0.0001,0.37,-4.01,4.03,100.0,0,0,0
1.16,0.0,0.0,0.0,-0.0137,-0.0099,0.618,-0.0012,0.0007,-0.0,0.37,-4.02,4.03,100.0,0,0,0
1.18,0.0,0.0,0.0,-0.0138,-0.0099,0.618,-0.001,0.0002,-0.0,0.37,-4.02,4.04,100.0,0,0,0
1.2,0.0,0.0,0.0,-0.0138,-0.0099,0.618,-0.0009,-0.0,-0.0,0.37,-4.02,4.04,100.0,0,0,0
1.22,0.0,0.0,0.0,-0.0138,-0.0099,0.618,-0.0008,-0.0001,-0.0001,0.37,-4.02,4.04,100.0,0,0,0
1.24,0.0,0.0,0.0,-0.0138,-0.0099,0.618,-0.0006,-0.0002,-0.0001,0.37,-4.03,4.04,100.0,0,0,0
1.26,0.0,0.0,0.0,-0.0138,-0.0099,0.618,-0.0005,-0.0002,-0.0001,0.37,-4.03,4.04,100.0,0,0,0
1.28,0.0,0.0,0.0,-0.0138,-0.0099,0.618,-0.0004,-0.0001,-0.0001,0.37,-4.03,4.05,100.0,0,0,0
1.3,0.0,0.0,0.0,-0.0138,-0.0099,0.618,-0.0002,-0.0001,-0.0001,0.37,-4.03,4.05,100.0,0,0,0
1.32,0.0,0.0,0.0,-0.0138,-0.0099,0.618,-0.0001,-0.0,-0.0001,0.37,-4.03,4.05,100.0,0,0,0
1.34,0.0,0.0,0.0,-0.0138,-0.0099,0.618,-0.0,0.0,-0.0,0.37,-4.03,4.05,100.0,0,0,0
1.36,0.0,0.0,0.0,-0.0138,-0.0099,0.618,0.0001,0.0001,-0.0,0.37,-4.03,4.05,100.0,0,0,0
1.38,0.0,0.0,0.0,-0.0138,-0.0099,0.618,0.0001,0.0001,-0.0,0.37,-4.03,4.05,100.0,0,0,0
1.4,0.0,0.0,0.0,-0.0138,-0.0099,0.618,0.0002,0.0001,-0.0,0.37,-4.03,4.05,100.0,0,0,0
1.42,0.0,0.0,0.0,-0.0138,-0.0099,0.618,0.0002,0.0001,-0.0,0.37,-4.03,4.05,100.0,0,0,0
1.44,0.0,0.0,0.0,-0.0138,-0.0099,0.618,0.0002,0.0001,-0.0,0.37,-4.03,4.05,100.0,0,0,0
1.46,0.0,0.0,0.0,-0.0138,-0.0099,0.618,0.0002,0.0001,-0.0,0.37,-4.03,4.05,100.0,0,0,0
1.48,0.0,0.0,0.0,-0.0138,-0.0099,0.618,0.0001,0.0001,-0.0001,0.37,-4.03,4.05,100.0,0,0,0
1.5,0.0,0.0,0.0,-0.0138,-0.0099,0.618,0.0001,0.0,-0.0001,0.37,-4.03,4.05,100.0,0,0,0
1.52,0.0,0.0,0.0,-0.0138,-0.0099,0.618,0.0,0.0,-0.0001,0.37,-4.03,4.05,100.0,0,0,0
1.54,0.0,0.0,0.0,-0.0138,-0.0099,0.618,-0.0,0.0,-0.0001,0.37,-4.03,4.05,100.0,0,0,0
1.56,0.0,0.0,0.0,-0.0138,-0.0099,0.618,-0.0001,-0.0,-0.0001,0.37,-4.03,4.05,100.0,0,0,0
1.58,0.0,0.0,0.0,-0.0138,-0.0099,0.618,-0.0001,-0.0,-0.0001,0.37,-4.03,4.05,100.0,0,0,0
1.6,0.0,0.0,0.0,-0.0138,-0.0099,0.618,-0.0002,-0.0,-0.0001,0.37,-4.03,4.05,100.0,0,0,0
1.62,0.0,0.0,0.0,-0.0138,-0.0099,0.618,-0.0002,0.0,-0.0001,0.37,-4.03,4.05,100.0,0,0,0
1.64,0.0,0.0,0.0,-0.0138,-0.0099,0.618,-0.0002,0.0,-0.0001,0.37,-4.04,4.05,100.0,0,0,0
1.66,0.0,0.0,0.0,-0.0138,-0.0099,0.618,-0.0002,0.0,-0.0001,0.37,-4.04,4.05,100.0,0,0,0
1.68,0.0,0.0,0.0,-0.0138,-0.0099,0.618,-0.0002,0.0,-0.0001,0.37,-4.04,4.05,100.0,0,0,0
1.7,0.0,0.0,0.0,-0.0139,-0.0099,0.618,-0.0002,0.0,-0.0001,0.37,-4.04,4.05,100.0,0,0,0
1.72,0.0,0.0,0.0,-0.0139,-0.0099,0.618,-0.0002,0.0,-0.0001,0.37,-4.04,4.06,100.0,0,0,0
1.74,0.0,0.0,0.0,-0.0139,-0.0099,0.618,-0.0002,0.0001,-0.0001,0.37,-4.04,4.06,100.0,0,0,0
1.76,0.0,0.0,0.0,-0.0139,-0.0099,0.618,-0.0002,0.0001,-0.0001,0.37,-4.04,4.06,100.0,0,0,0
1.78,0.0,0.0,0.0,-0.0139,-0.0099,0.618,-0.0002,0.0001,-0.0001,0.37,-4.04,4.06,100.0,0,0,0
1.8,0.0,0.0,0.0,-0.0139,-0.0099,0.618,-0.0002,0.0001,-0.0001,0.37,-4.04,4.06,100.0,0,0,0
1.82,0.0,0.0,0.0,-0.0139,-0.0099,0.618,-0.0002,0.0001,-0.0001,0.37,-4.04,4.06,100.0,0,0,0
1.84,0.0,0.0,0.0,-0.0139,-0.0099,0.618,-0.0001,0.0,-0.0001,0.37,-4.04,4.06,100.0,0,0,0
1.86,0.0,0.0,0.0,-0.0139,-0.0099,0.618,-0.0001,0.0,-0.0001,0.37,-4.04,4.06,100.0,0,0,0
1.88,0.0,0.0,0.0,-0.0139,-0.0099,0.618,-0.0001,0.0,-0.0001,0.37,-4.04,4.06,100.0,0,0,0
1.9,0.0,0.0,0.0,-0.0139,-0.0099,0.618,-0.0001,0.0,-0.0001,0.37,-4.04,4.06,100.0,0,0,0
1.92,0.0,0.0,0.0,-0.0139,-0.0099,0.618,-0.0001,0.0,-0.0001,0.37,-4.04,4.06,100.0,0,0,0
1.94,0.0,0.0,0.0,-0.0139,-0.0099,0.618,-0.0001,0.0,-0.0001,0.37,-4.05,4.06,100.0,0,0,0
1.96,0.0,0.0,0.0,-0.0139,-0.0099,0.618,-0.0001,0.0,-0.0001,0.37,-4.05,4.06,100.0,0,0,0
1.98,0.0,0.0,0.0,-0.0139,-0.0098,0.618,-0.0001,0.0,-0.0001,0.37,-4.05,4.06,100.0,0,0,0
2.0,0.0,0.0,0.0,-0.0139,-0.0098,0.618,-0.0001,0.0,-0.0001,0.37,-4.05,4.06,100.0,0,0,0
2.02,0.0,0.0,0.0,-0.0139,-0.0098,0.618,-0.0001,0.0,-0.0001,0.37,-4.05,4.06,100.0,0,0,0
2.04,0.0,0.0,0.0,-0.0139,-0.0098,0.618,-0.0001,0.0,-0.0001,0.37,-4.05,4.06,100.0,0,0,0
2.06,0.0,0.0,0.0,-0.0139,-0.0098,0.618,-0.0001,0.0,-0.0001,0.37,-4.05,4.07,100.0,0,0,0
2.08,0.0,0.0,0.0,-0.0139,-0.0098,0.618,-0.0001,0.0,-0.0001,0.37,-4.05,4.07,100.0,0,0,0
2.1,0.0,0.0,0.0,-0.0139,-0.0098,0.618,-0.0001,0.0,-0.0001,0.37,-4.05,4.07,100.0,0,0,0
2.12,0.0,0.0,0.0,-0.0139,-0.0098,0.618,-0.0001,0.0,-0.0001,0.37,-4.05,4.07,100.0,0,0,0
2.14,0.0,0.0,0.0,-0.0139,-0.0098,0.618,-0.0001,0.0,-0.0001,0.37,-4.05,4.07,100.0,0,0,0
2.16,0.0,0.0,0.0,-0.0139,-0.0098,0.618,-0.0001,0.0,-0.0001,0.37,-4.05,4.07,100.0,0,0,0
2.18,0.0,0.0,0.0,-0.0139,-0.0098,0.618,-0.0001,0.0,-0.0001,0.37,-4.05,4.07,100.0,0,0,0
2.2,0.0,0.0,0.0,-0.0139,-0.0098,0.618,-0.0001,0.0,-0.0001,0.37,-4.05,4.07,100.0,0,0,0
2.22,0.0,0.0,0.0,-0.0139,-0.0098,0.618,-0.0001,0.0,-0.0001,0.37,-4.05,4.07,100.0,0,0,0
2.24,0.0,0.0,0.0,-0.0139,-0.0098,0.618,-0.0001,0.0,-0.0001,0.37,-4.05,4.07,100.0,0,0,0
2.26,0.0,0.0,0.0,-0.0139,-0.0098,0.618,-0.0001,0.0,-0.0001,0.37,-4.05,4.07,100.0,0,0,0
2.28,0.0,0.0,0.0,-0.0139,-0.0098,0.618,-0.0001,0.0,-0.0001,0.37,-4.05,4.07,100.0,0,0,0
2.3,0.0,0.0,0.0,-0.0139,-0.0098,0.618,-0.0001,0.0,-0.0001,0.37,-4.06,4.07,100.0,0,0,0
2.32,0.0,0.0,0.0,-0.0139,-0.0098,0.618,-0.0001,0.0,-0.0001,0.37,-4.06,4.07,100.0,0,0,0
2.34,0.0,0.0,0.0,-0.0139,-0.0098,0.618,-0.0001,0.0,-0.0001,0.37,-4.06,4.07,100.0,0,0,0
2.36,0.0,0.0,0.0,-0.0139,-0.0098,0.618,-0.0001,0.0,-0.0001,0.37,-4.06,4.07,100.0,0,0,0
2.38,0.0,0.0,0.0,-0.0139,-0.0098,0.618,-0.0001,0.0,-0.0001,0.37,-4.06,4.07,100.0,0,0,0
2.4,0.0,0.0,0.0,-0.0139,-0.0098,0.618,-0.0001,0.0,-0.0001,0.37,-4.06,4.07,100.0,0,0,0
2.42,0.0,0.0,0.0,-0.0139,-0.0098,0.618,-0.0001,0.0,-0.0001,0.37,-4.06,4.08,100.0,0,0,0
2.44,0.0,0.0,0.0,-0.014,-0.0098,0.618,-0.0001,0.0,-0.0001,0.37,-4.06,4.08,100.0,0,0,0
2.46,0.0,0.0,0.0,-0.014,-0.0098,0.618,-0.0001,0.0,-0.0001,0.37,-4.06,4.08,100.0,0,0,0
2.48,0.0,0.0,0.0,-0.014,-0.0098,0.618,-0.0001,0.0,-0.0001,0.37,-4.06,4.08,100.0,0,0,0
2.5,0.0,0.0,0.0,-0.014,-0.0098,0.618,-0.0001,0.0,-0.0001,0.37,-4.06,4.08,100.0,0,0,0
2.52,0.0,0.0,0.0,-0.014,-0.0098,0.618,-0.0001,0.0,-0.0001,0.37,-4.06,4.08,100.0,0,0,0
2.54,0.0,0.0,0.0,-0.014,-0.0098,0.618,-0.0001,0.0,-0.0001,0.37,-4.06,4.08,100.0,0,0,0
2.56,0.0,0.0,0.0,-0.014,-0.0098,0.618,-0.0001,0.0,-0.0,0.37,-4.06,4.08,100.0,0,0,0
2.58,0.0,0.0,0.0,-0.014,-0.0098,0.618,-0.0001,0.0,-0.0,0.37,-4.06,4.08,100.0,0,0,0
2.6,0.0,0.0,0.0,-0.014,-0.0098,0.618,-0.0001,0.0,-0.0,0.37,-4.06,4.08,100.0,0,0,0
2.62,0.0,0.0,0.0,-0.014,-0.0098,0.618,-0.0001,0.0,-0.0,0.37,-4.06,4.08,100.0,0,0,0
2.64,0.0,0.0,0.0,-0.014,-0.0098,0.618,-0.0001,0.0,-0.0,0.37,-4.06,4.08,100.0,0,0,0
2.66,0.0,0.0,0.0,-0.014,-0.0098,0.618,-0.0001,0.0,-0.0,0.37,-4.06,4.08,100.0,0,0,0
2.68,0.0,0.0,0.0,-0.014,-0.0098,0.618,-0.0001,0.0,-0.0,0.37,-4.07,4.08,100.0,0,0,0
2.7,0.0,0.0,0.0,-0.014,-0.0098,0.618,-0.0001,0.0,-0.0,0.37,-4.07,4.08,100.0,0,0,0
2.72,0.0,0.0,0.0,-0.014,-0.0098,0.618,-0.0001,0.0,-0.0,0.37,-4.07,4.08,100.0,0,0,0
2.74,0.0,0.0,0.0,-0.014,-0.0098,0.618,-0.0001,0.0,-0.0,0.37,-4.07,4.08,100.0,0,0,0
2.76,0.0,0.0,0.0,-0.014,-0.0098,0.618,-0.0001,0.0,-0.0001,0.37,-4.07,4.08,100.0,0,0,0
2.78,0.0,0.0,0.0,-0.014,-0.0098,0.618,-0.0001,0.0,-0.0001,0.37,-4.07,4.08,100.0,0,0,0
2.8,0.0,0.0,0.0,-0.014,-0.0098,0.618,-0.0001,0.0,-0.0001,0.37,-4.07,4.09,100.0,0,0,0
2.82,0.0,0.0,0.0,-0.014,-0.0098,0.618,-0.0001,0.0,-0.0,0.37,-4.07,4.09,100.0,0,0,0
2.84,0.0,0.0,0.0,-0.014,-0.0098,0.618,-0.0001,0.0,-0.0,0.37,-4.07,4.09,100.0,0,0,0
2.86,0.0,0.0,0.0,-0.014,-0.0098,0.618,-0.0001,0.0,-0.0,0.37,-4.07,4.09,100.0,0,0,0
2.88,0.0,0.0,0.0,-0.014,-0.0098,0.618,-0.0001,0.0,-0.0,0.37,-4.07,4.09,100.0,0,0,0
2.9,0.0,0.0,0.0,-0.014,-0.0098,0.618,-0.0001,0.0,-0.0,0.37,-4.07,4.09,100.0,0,0,0
2.92,0.0,0.0,0.0,-0.014,-0.0098,0.618,-0.0001,0.0,-0.0,0.37,-4.07,4.09,100.0,0,0,0
2.94,0.0,0.0,0.0,-0.014,-0.0098,0.618,-0.0001,0.0,-0.0,0.37,-4.07,4.09,100.0,0,0,0
2.96,0.0,0.0,0.0,-0.014,-0.0098,0.618,-0.0001,0.0,-0.0,0.37,-4.07,4.09,100.0,0,0,0
2.98,0.0,0.0,0.0,-0.014,-0.0098,0.618,-0.0001,-0.0,-0.0,0.37,-4.07,4.09,100.0,0,0,0
3.0,0.0,0.0,0.0,-0.014,-0.0098,0.618,-0.0001,0.0,-0.0001,0.37,-4.07,4.09,100.0,0,0,0
3.02,0.0,0.0,0.0,-0.014,-0.0098,0.618,-0.0001,0.0,-0.0,0.37,-4.07,4.09,100.0,0,0,0
3.04,0.0,0.0,0.0,-0.014,-0.0098,0.618,-0.0001,0.0,-0.0,0.37,-4.07,4.09,100.0,0,0,0
3.06,0.0,0.0,0.0,-0.014,-0.0098,0.618,-0.0001,0.0,-0.0,0.37,-4.07,4.09,100.0,0,0,0
3.08,0.0,0.0,0.0,-0.014,-0.0098,0.618,-0.0001,0.0,-0.0,0.37,-4.07,4.09,100.0,0,0,0
3.1,0.0,0.0,0.0,-0.014,-0.0098,0.618,-0.0001,0.0,-0.0,0.37,-4.08,4.09,100.0,0,0,0
3.12,0.0,0.0,0.0,-0.014,-0.0098,0.618,-0.0001,0.0,-0.0,0.37,-4.08,4.09,100.0,0,0,0
3.14,0.0,0.0,0.0,-0.014,-0.0098,0.618,-0.0001,0.0,-0.0,0.37,-4.08,4.09,100.0,0,0,0
3.16,0.0,0.0,0.0,-0.014,-0.0098,0.618,-0.0001,0.0,-0.0,0.37,-4.08,4.09,100.0,0,0,0
3.18,0.0,0.0,0.0,-0.014,-0.0098,0.618,-0.0001,0.0,-0.0,0.37,-4.08,4.09,100.0,0,0,0
3.2,0.0,0.0,0.0,-0.014,-0.0098,0.618,-0.0001,-0.0,-0.0,0.37,-4.08,4.09,100.0,0,0,0
3.22,0.0,0.0,0.0,-0.014,-0.0098,0.618,-0.0001,0.0,-0.0001,0.37,-4.08,4.09,100.0,0,0,0
3.24,0.0,0.0,0.0,-0.014,-0.0098,0.618,-0.0001,0.0,-0.0,0.37,-4.08,4.1,100.0,0,0,0
3.26,0.0,0.0,0.0,-0.014,-0.0098,0.618,-0.0001,0.0,-0.0,0.37,-4.08,4.1,100.0,0,0,0
3.28,0.0,0.0,0.0,-0.014,-0.0098,0.618,-0.0001,0.0,-0.0,0.37,-4.08,4.1,100.0,0,0,0
3.3,0.0,0.0,0.0,-0.014,-0.0098,0.618,-0.0001,0.0,-0.0,0.37,-4.08,4.1,100.0,0,0,0
3.32,0.0,0.0,0.0,-0.014,-0.0098,0.618,-0.0001,0.0,-0.0,0.37,-4.08,4.1,100.0,0,0,0
3.34,0.0,0.0,0.0,-0.014,-0.0098,0.618,-0.0001,0.0,-0.0,0.37,-4.08,4.1,100.0,0,0,0
3.36,0.0,0.0,0.0,-0.014,-0.0098,0.618,-0.0001,0.0,-0.0,0.37,-4.08,4.1,100.0,0,0,0
3.38,0.0,0.0,0.0,-0.014,-0.0098,0.618,-0.0001,0.0,-0.0,0.37,-4.08,4.1,100.0,0,0,0
3.4,0.0,0.0,0.0,-0.014,-0.0098,0.618,-0.0001,0.0,-0.0,0.37,-4.08,4.1,100.0,0,0,0
3.42,0.0,0.0,0.0,-0.014,-0.0098,0.618,-0.0001,0.0,-0.0,0.37,-4.08,4.1,100.0,0,0,0
3.44,0.0,0.0,0.0,-0.014,-0.0098,0.618,-0.0001,0.0,-0.0,0.37,-4.08,4.1,100.0,0,0,0
3.46,0.0,0.0,0.0,-0.0141,-0.0098,0.618,-0.0001,0.0,-0.0,0.37,-4.08,4.1,100.0,0,0,0
3.48,0.0,0.0,0.0,-0.0141,-0.0098,0.618,-0.0001,-0.0,-0.0,0.37,-4.08,4.1,100.0,0,0,0
3.5,0.0,0.0,0.0,-0.0141,-0.0098,0.618,-0.0001,-0.0,-0.0001,0.37,-4.08,4.1,100.0,0,0,0
3.52,0.0,0.0,0.0,-0.0141,-0.0098,0.618,-0.0001,0.0,-0.0001,0.37,-4.08,4.1,100.0,0,0,0
3.54,0.0,0.0,0.0,-0.0141,-0.0098,0.618,-0.0001,0.0,-0.0,0.37,-4.08,4.1,100.0,0,0,0
3.56,0.0,0.0,0.0,-0.0141,-0.0098,0.618,-0.0001,0.0,-0.0,0.37,-4.08,4.1,100.0,0,0,0
3.58,0.0,0.0,0.0,-0.0141,-0.0098,0.618,-0.0001,0.0,-0.0,0.37,-4.09,4.1,100.0,0,0,0
3.6,0.0,0.0,0.0,-0.0141,-0.0098,0.618,-0.0001,0.0,-0.0,0.37,-4.09,4.1,100.0,0,0,0
3.62,0.0,0.0,0.0,-0.0141,-0.0098,0.618,-0.0001,0.0,-0.0,0.37,-4.09,4.1,100.0,0,0,0
3.64,0.0,0.0,0.0,-0.0141,-0.0098,0.618,-0.0001,0.0,-0.0,0.37,-4.09,4.1,100.0,0,0,0
3.66,0.0,0.0,0.0,-0.0141,-0.0098,0.618,-0.0001,0.0,-0.0,0.37,-4.09,4.1,100.0,0,0,0
3.68,0.0,0.0,0.0,-0.0141,-0.0098,0.618,-0.0001,0.0,-0.0,0.37,-4.09,4.1,100.0,0,0,0
3.7,0.0,0.0,0.0,-0.0141,-0.0098,0.618,-0.0001,0.0,-0.0,0.37,-4.09,4.1,100.0,0,0,0
3.72,0.0,0.0,0.0,-0.0141,-0.0098,0.618,-0.0001,0.0,-0.0,0.37,-4.09,4.1,100.0,0,0,0
3.74,0.0,0.0,0.0,-0.0141,-0.0098,0.618,-0.0001,0.0,-0.0,0.37,-4.09,4.1,100.0,0,0,0
3.76,0.0,0.0,0.0,-0.0141,-0.0098,0.618,-0.0001,0.0,-0.0,0.37,-4.09,4.1,100.0,0,0,0
3.78,0.0,0.0,0.0,-0.0141,-0.0098,0.618,-0.0001,0.0,-0.0,0.37,-4.09,4.11,100.0,0,0,0
3.8,0.0,0.0,0.0,-0.0141,-0.0098,0.618,-0.0001,0.0,-0.0,0.37,-4.09,4.11,100.0,0,0,0
3.82,0.0,0.0,0.0,-0.0141,-0.0098,0.618,-0.0001,-0.0,-0.0,0.37,-4.09,4.11,100.0,0,0,0
3.84,0.0,0.0,0.0,-0.0141,-0.0098,0.618,-0.0001,-0.0,-0.0001,0.37,-4.09,4.11,100.0,0,0,0
3.86,0.0,0.0,0.0,-0.0141,-0.0098,0.618,-0.0001,0.0,-0.0001,0.37,-4.09,4.11,100.0,0,0,0
3.88,0.0,0.0,0.0,-0.0141,-0.0098,0.618,-0.0001,0.0,-0.0,0.37,-4.09,4.11,100.0,0,0,0
3.9,0.0,0.0,0.0,-0.0141,-0.0098,0.618,-0.0001,0.0,-0.0,0.37,-4.09,4.11,100.0,0,0,0
3.92,0.0,0.0,0.0,-0.0141,-0.0098,0.618,-0.0001,0.0,-0.0,0.37,-4.09,4.11,100.0,0,0,0
3.94,0.0,0.0,0.0,-0.0141,-0.0098,0.618,-0.0001,0.0,-0.0,0.37,-4.09,4.11,100.0,0,0,0
3.96,0.0,0.0,0.0,-0.0141,-0.0098,0.618,-0.0001,0.0,-0.0,0.37,-4.09,4.11,100.0,0,0,0
3.98,0.0,0.0,0.0,-0.0141,-0.0098,0.618,-0.0001,0.0,-0.0,0.37,-4.09,4.11,100.0,0,0,0
4.0,0.0,0.0,0.0,-0.0127,-0.0098,0.6181,0.1038,-0.0,0.0007,0.37,-4.23,4.25,100.0,0,0,0
4.02,0.0,0.0,0.0,-0.0099,-0.0098,0.618,0.1593,-0.0,0.0009,0.37,-4.4,4.41,100.0,0,0,0
4.04,0.0,0.0,0.0,-0.0061,-0.0098,0.6179,0.2038,0.0006,0.0003,0.38,-4.48,4.5,100.0,0,0,0
4.06,0.0,0.0,0.0,-0.0015,-0.0098,0.6176,0.2399,0.0014,-0.0035,0.39,-4.47,4.49,100.0,0,0,0
4.08,0.0,0.0,0.0,0.0038,-0.0097,0.6171,0.2715,0.0026,-0.0066,0.4,-4.36,4.38,100.0,0,0,0
4.1,0.0,0.0,0.0,0.0082,-0.0096,0.6167,0.1953,0.004,-0.0075,0.4,-4.03,4.05,100.0,0,0,0
4.12,0.0,0.0,0.0,0.0118,-0.0095,0.6164,0.169,0.0064,-0.0119,0.41,-3.62,3.64,100.0,0,0,0
4.14,0.0,0.0,0.0,0.0149,-0.0094,0.6164,0.15,0.0093,-0.0092,0.41,-3.24,3.27,100.0,0,0,0
4.16,0.0,0.0,0.0,0.0177,-0.0091,0.6165,0.1338,0.0126,-0.005,0.4,-2.9,2.93,100.0,0,0,0
4.18,0.0,0.0,0.0,0.0202,-0.0088,0.6166,0.1173,0.0161,-0.0017,0.39,-2.59,2.62,100.0,0,0,0
4.2,0.0,0.0,0.0,0.0223,-0.0085,0.6167,0.101,0.0194,0.0002,0.36,-2.32,2.35,100.0,0,0,0
4.22,0.0,0.0,0.0,0.0241,-0.0081,0.6167,0.0851,0.0221,0.0004,0.33,-2.07,2.1,100.0,0,0,0
4.24,0.0,0.0,0.0,0.0256,-0.0076,0.6168,0.0695,0.0241,-0.0013,0.29,-1.85,1.87,100.0,0,0,0
4.26,0.0,0.0,0.0,0.0268,-0.0071,0.6168,0.0542,0.0251,-0.0023,0.24,-1.65,1.67,100.0,0,0,0
4.28,0.0,0.0,0.0,0.0277,-0.0066,0.6168,0.039,0.025,-0.0034,0.2,-1.48,1.49,100.0,0,0,0
4.3,0.0,0.0,0.0,0.0283,-0.0061,0.6167,0.024,0.0237,-0.0046,0.16,-1.33,1.34,100.0,0,0,0
4.32,0.0,0.0,0.0,0.0286,-0.0057,0.6166,0.009,0.0211,-0.01,0.13,-1.2,1.21,100.0,0,0,0
4.34,0.0,0.0,0.0,0.0286,-0.0053,0.6165,-0.0062,0.0174,-0.015,0.1,-1.09,1.09,100.0,0,0,0
4.36,0.0,0.0,0.0,0.0283,-0.005,0.6163,-0.0216,0.0139,-0.017,0.07,-1.0,1.0,100.0,0,0,0
4.38,0.0,0.0,0.0,0.0276,-0.0047,0.6161,-0.0373,0.0106,-0.0166,0.05,-0.92,0.92,100.0,0,0,0
4.4,0.0,0.0,0.0,0.0267,-0.0046,0.6158,-0.0534,0.0073,-0.0143,0.03,-0.86,0.86,100.0,0,0,0
4.42,0.0,0.0,0.0,0.0254,-0.0045,0.6154,-0.0699,0.0042,-0.0096,0.02,-0.81,0.81,100.0,0,0,0
4.44,0.0,0.0,0.0,0.0238,-0.0044,0.6149,-0.0868,0.0013,-0.005,0.01,-0.77,0.77,100.0,0,0,0
4.46,0.0,0.0,0.0,0.0219,-0.0044,0.6142,-0.1041,-0.0013,-0.0029,0.01,-0.74,0.74,100.0,0,0,0
4.48,0.0,0.0,0.0,0.0197,-0.0044,0.6138,-0.1101,-0.0001,-0.0502,0.04,-0.75,0.75,100.0,0,0,0
4.5,0.0,0.0,0.0,0.0175,-0.0044,0.6137,-0.1111,-0.0032,-0.0567,0.14,-0.81,0.82,100.0,0,0,0
4.52,0.0,0.0,0.0,0.0153,-0.0046,0.6139,-0.1035,-0.0105,-0.0003,0.19,-0.94,0.96,100.0,0,0,0
4.54,0.0,0.0,0.0,0.0133,-0.0048,0.6143,-0.1003,-0.0135,0.0003,0.22,-1.11,1.13,100.0,0,0,0
4.56,0.0,0.0,0.0,0.0113,-0.0051,0.6146,-0.0979,-0.0147,0.0001,0.22,-1.28,1.3,100.0,0,0,0
4.58,0.0,0.0,0.0,0.0094,-0.0054,0.6149,-0.0953,-0.0145,0.0001,0.22,-1.46,1.47,100.0,0,0,0
4.6,0.0,0.0,0.0,0.0075,-0.0057,0.6152,-0.0919,-0.014,-0.0002,0.22,-1.64,1.65,100.0,0,0,0
4.62,0.0,0.0,0.0,0.0057,-0.0059,0.6155,-0.0883,-0.0133,-0.0001,0.21,-1.81,1.82,100.0,0,0,0
4.64,0.0,0.0,0.0,0.004,-0.0062,0.6157,-0.0848,-0.0127,0.0005,0.21,-1.98,1.99,100.0,0,0,0
4.66,0.0,0.0,0.0,0.0023,-0.0064,0.616,-0.0809,-0.012,0.0009,0.22,-2.15,2.16,100.0,0,0,0
4.68,0.0,0.0,0.0,0.0007,-0.0066,0.6162,-0.0769,-0.0113,0.0012,0.22,-2.3,2.31,100.0,0,0,0
4.7,0.0,0.0,0.0,-0.0008,-0.0069,0.6164,-0.0727,-0.0105,0.0014,0.22,-2.45,2.46,100.0,0,0,0
4.72,0.0,0.0,0.0,-0.0022,-0.0071,0.6166,-0.0685,-0.0097,0.0016,0.23,-2.59,2.6,100.0,0,0,0
4.74,0.0,0.0,0.0,-0.0035,-0.0072,0.6167,-0.0642,-0.0088,0.0017,0.23,-2.72,2.73,100.0,0,0,0
4.76,0.0,0.0,0.0,-0.0047,-0.0074,0.6169,-0.0598,-0.0079,0.0017,0.24,-2.85,2.86,100.0,0,0,0
4.78,0.0,0.0,0.0,-0.0059,-0.0075,0.617,-0.0555,-0.0071,0.0018,0.25,-2.96,2.97,100.0,0,0,0
4.8,0.0,0.0,0.0,-0.007,-0.0077,0.6172,-0.0513,-0.0062,0.0017,0.25,-3.07,3.08,100.0,0,0,0
4.82,0.0,0.0,0.0,-0.0079,-0.0078,0.6173,-0.0472,-0.0054,0.0017,0.26,-3.17,3.18,100.0,0,0,0
4.84,0.0,0.0,0.0,-0.0088,-0.0079,0.6174,-0.0431,-0.0045,0.0016,0.26,-3.26,3.27,100.0,0,0,0
4.86,0.0,0.0,0.0,-0.0097,-0.0079,0.6175,-0.0392,-0.0037,0.0014,0.27,-3.34,3.35,100.0,0,0,0
4.88,0.0,0.0,0.0,-0.0104,-0.008,0.6175,-0.0354,-0.003,0.0013,0.27,-3.42,3.43,100.0,0,0,0
4.9,0.0,0.0,0.0,-0.0111,-0.0081,0.6176,-0.0317,-0.0024,0.0008,0.28,-3.49,3.5,100.0,0,0,0
4.92,0.0,0.0,0.0,-0.0117,-0.0081,0.6177,-0.0282,-0.0019,0.0007,0.28,-3.55,3.56,100.0,0,0,0
4.94,0.0,0.0,0.0,-0.0122,-0.0081,0.6177,-0.0248,-0.0014,0.0008,0.28,-3.61,3.62,100.0,0,0,0
4.96,0.0,0.0,0.0,-0.0127,-0.0081,0.6178,-0.0217,-0.0011,0.0009,0.29,-3.66,3.67,100.0,0,0,0
4.98,0.0,0.0,0.0,-0.0131,-0.0082,0.6178,-0.0188,-0.0007,0.0011,0.29,-3.7,3.71,100.0,0,0,0
5.0,0.0,0.0,0.0,-0.0134,-0.0082,0.6178,-0.0161,-0.0004,0.0013,0.29,-3.74,3.76,100.0,0,0,0
5.02,0.0,0.0,0.0,-0.0137,-0.0082,0.6179,-0.0136,-0.0001,0.0014,0.29,-3.78,3.79,100.0,0,0,0
5.04,0.0,0.0,0.0,-0.0139,-0.0082,0.6179,-0.0113,0.0001,0.0015,0.29,-3.81,3.82,100.0,0,0,0
5.06,0.0,0.0,0.0,-0.0141,-0.0082,0.6179,-0.0093,0.0003,0.0015,0.29,-3.84,3.85,100.0,0,0,0
5.08,0.0,0.0,0.0,-0.0143,-0.0082,0.6179,-0.0075,0.0004,0.0016,0.29,-3.86,3.87,100.0,0,0,0
5.1,0.0,0.0,0.0,-0.0144,-0.0081,0.6179,-0.0059,0.0005,0.0017,0.29,-3.88,3.89,100.0,0,0,0
5.12,0.0,0.0,0.0,-0.0145,-0.0081,0.6179,-0.0044,0.0005,0.0016,0.29,-3.89,3.9,100.0,0,0,0
5.14,0.0,0.0,0.0,-0.0146,-0.0081,0.6179,-0.0031,0.0005,0.0015,0.29,-3.9,3.91,100.0,0,0,0
5.16,0.0,0.0,0.0,-0.0147,-0.0081,0.6179,-0.002,0.0004,0.0012,0.28,-3.91,3.92,100.0,0,0,0
5.18,0.0,0.0,0.0,-0.0147,-0.0081,0.6179,-0.001,0.0003,0.001,0.28,-3.91,3.93,100.0,0,0,0
5.2,0.0,0.0,0.0,-0.0147,-0.0081,0.6179,-0.0001,0.0001,0.0006,0.28,-3.92,3.93,100.0,0,0,0
5.22,0.0,0.0,0.0,-0.0147,-0.0081,0.6179,0.0006,-0.0,0.0004,0.28,-3.92,3.93,100.0,0,0,0
5.24,0.0,0.0,0.0,-0.0147,-0.0081,0.6179,0.0012,-0.0002,0.0004,0.28,-3.92,3.93,100.0,0,0,0
5.26,0.0,0.0,0.0,-0.0146,-0.0081,0.6179,0.0017,-0.0002,0.0003,0.28,-3.91,3.93,100.0,0,0,0
5.28,0.0,0.0,0.0,-0.0146,-0.0081,0.6179,0.002,-0.0003,0.0003,0.28,-3.91,3.92,100.0,0,0,0
5.3,0.0,0.0,0.0,-0.0146,-0.0081,0.6179,0.0021,-0.0003,0.0003,0.29,-3.91,3.92,100.0,0,0,0
5.32,0.0,0.0,0.0,-0.0145,-0.0081,0.6179,0.0021,-0.0002,0.0003,0.29,-3.91,3.92,100.0,0,0,0
5.34,0.0,0.0,0.0,-0.0145,-0.0081,0.6179,0.002,-0.0002,0.0003,0.29,-3.9,3.91,100.0,0,0,0
5.36,0.0,0.0,0.0,-0.0144,-0.0081,0.6179,0.0018,-0.0002,0.0002,0.29,-3.9,3.91,100.0,0,0,0
5.38,0.0,0.0,0.0,-0.0144,-0.0081,0.6179,0.0015,-0.0001,0.0002,0.29,-3.9,3.91,100.0,0,0,0
5.4,0.0,0.0,0.0,-0.0144,-0.0081,0.6179,0.0011,-0.0001,0.0002,0.29,-3.89,3.9,100.0,0,0,0
5.42,0.0,0.0,0.0,-0.0144,-0.0081,0.6179,0.0007,-0.0001,0.0003,0.29,-3.89,3.9,100.0,0,0,0
5.44,0.0,0.0,0.0,-0.0143,-0.0081,0.6179,0.0003,-0.0,0.0003,0.29,-3.89,3.9,100.0,0,0,0
5.46,0.0,0.0,0.0,-0.0143,-0.0081,0.6179,-0.0,-0.0,0.0003,0.29,-3.89,3.9,100.0,0,0,0
5.48,0.0,0.0,0.0,-0.0144,-0.0081,0.6179,-0.0003,-0.0,0.0003,0.29,-3.89,3.9,100.0,0,0,0
5.5,0.0,0.0,0.0,-0.0144,-0.0081,0.6179,-0.0006,-0.0,0.0003,0.29,-3.89,3.9,100.0,0,0,0
5.52,0.0,0.0,0.0,-0.0144,-0.0081,0.6179,-0.0008,-0.0,0.0003,0.29,-3.89,3.9,100.0,0,0,0
5.54,0.0,0.0,0.0,-0.0144,-0.0081,0.6179,-0.001,-0.0,0.0003,0.29,-3.9,3.91,100.0,0,0,0
5.56,0.0,0.0,0.0,-0.0144,-0.0081,0.6179,-0.001,-0.0,0.0003,0.29,-3.9,3.91,100.0,0,0,0
5.58,0.0,0.0,0.0,-0.0144,-0.0081,0.6179,-0.0011,0.0,0.0003,0.29,-3.9,3.91,100.0,0,0,0
5.6,0.0,0.0,0.0,-0.0145,-0.0081,0.6179,-0.001,0.0,0.0003,0.29,-3.9,3.91,100.0,0,0,0
5.62,0.0,0.0,0.0,-0.0145,-0.0081,0.6179,-0.0009,0.0,0.0003,0.29,-3.9,3.92,100.0,0,0,0
5.64,0.0,0.0,0.0,-0.0145,-0.0081,0.6179,-0.0008,0.0,0.0003,0.29,-3.91,3.92,100.0,0,0,0
5.66,0.0,0.0,0.0,-0.0145,-0.0081,0.6179,-0.0007,0.0,0.0003,0.29,-3.91,3.92,100.0,0,0,0
5.68,0.0,0.0,0.0,-0.0145,-0.0081,0.6179,-0.0005,0.0,0.0003,0.29,-3.91,3.92,100.0,0,0,0
5.7,0.0,0.0,0.0,-0.0145,-0.0081,0.6179,-0.0004,0.0,0.0003,0.29,-3.91,3.92,100.0,0,0,0
5.72,0.0,0.0,0.0,-0.0145,-0.0081,0.6179,-0.0002,0.0,0.0003,0.29,-3.91,3.92,100.0,0,0,0
5.74,0.0,0.0,0.0,-0.0145,-0.0081,0.6179,-0.0001,0.0,0.0003,0.29,-3.91,3.92,100.0,0,0,0
5.76,0.0,0.0,0.0,-0.0145,-0.0081,0.6179,0.0001,0.0,0.0003,0.29,-3.91,3.92,100.0,0,0,0
5.78,0.0,0.0,0.0,-0.0145,-0.0081,0.6179,0.0001,-0.0,0.0003,0.29,-3.91,3.92,100.0,0,0,0
5.8,0.0,0.0,0.0,-0.0145,-0.0081,0.6179,0.0002,-0.0,0.0003,0.29,-3.91,3.92,100.0,0,0,0
5.82,0.0,0.0,0.0,-0.0145,-0.0081,0.6179,0.0002,-0.0,0.0002,0.29,-3.91,3.92,100.0,0,0,0
5.84,0.0,0.0,0.0,-0.0145,-0.0081,0.6179,0.0003,-0.0,0.0002,0.29,-3.91,3.92,100.0,0,0,0
5.86,0.0,0.0,0.0,-0.0145,-0.0081,0.6179,0.0002,-0.0001,0.0002,0.29,-3.91,3.92,100.0,0,0,0
5.88,0.0,0.0,0.0,-0.0145,-0.0081,0.6179,0.0002,-0.0001,0.0002,0.29,-3.91,3.92,100.0,0,0,0
5.9,0.0,0.0,0.0,-0.0145,-0.0081,0.6179,0.0002,-0.0001,0.0002,0.29,-3.91,3.92,100.0,0,0,0
5.92,0.0,0.0,0.0,-0.0145,-0.0081,0.6179,0.0001,-0.0001,0.0002,0.29,-3.91,3.92,100.0,0,0,0
5.94,0.0,0.0,0.0,-0.0145,-0.0081,0.6179,0.0,-0.0001,0.0002,0.29,-3.91,3.92,100.0,0,0,0
5.96,0.0,0.0,0.0,-0.0145,-0.0081,0.6179,-0.0,-0.0,0.0002,0.29,-3.91,3.92,100.0,0,0,0
5.98,0.0,0.0,0.0,-0.0145,-0.0082,0.6179,-0.0001,-0.0,0.0002,0.29,-3.91,3.92,100.0,0,0,0
6.0,0.0,0.0,0.0,-0.0145,-0.0082,0.6179,-0.0001,-0.0,0.0002,0.29,-3.91,3.92,100.0,0,0,0
6.02,0.0,0.0,0.0,-0.0145,-0.0082,0.6179,-0.0002,-0.0,0.0002,0.29,-3.92,3.93,100.0,0,0,0
6.04,0.0,0.0,0.0,-0.0145,-0.0082,0.6179,-0.0002,-0.0,0.0002,0.29,-3.92,3.93,100.0,0,0,0
6.06,0.0,0.0,0.0,-0.0145,-0.0082,0.6179,-0.0003,-0.0,0.0002,0.29,-3.92,3.93,100.0,0,0,0
6.08,0.0,0.0,0.0,-0.0145,-0.0082,0.6179,-0.0003,-0.0,0.0002,0.29,-3.92,3.93,100.0,0,0,0
6.1,0.0,0.0,0.0,-0.0145,-0.0082,0.6179,-0.0003,-0.0,0.0002,0.29,-3.92,3.93,100.0,0,0,0
6.12,0.0,0.0,0.0,-0.0145,-0.0082,0.6179,-0.0003,-0.0,0.0002,0.29,-3.92,3.93,100.0,0,0,0
6.14,0.0,0.0,0.0,-0.0145,-0.0082,0.6179,-0.0003,-0.0,0.0002,0.29,-3.92,3.93,100.0,0,0,0
6.16,0.0,0.0,0.0,-0.0145,-0.0082,0.6179,-0.0002,-0.0,0.0002,0.29,-3.92,3.93,100.0,0,0,0
6.18,0.0,0.0,0.0,-0.0146,-0.0082,0.6179,-0.0002,-0.0,0.0002,0.29,-3.92,3.93,100.0,0,0,0
6.2,0.0,0.0,0.0,-0.0146,-0.0082,0.6179,-0.0002,-0.0,0.0002,0.29,-3.92,3.93,100.0,0,0,0
6.22,0.0,0.0,0.0,-0.0146,-0.0082,0.6179,-0.0002,-0.0,0.0002,0.29,-3.92,3.93,100.0,0,0,0
6.24,0.0,0.0,0.0,-0.0146,-0.0082,0.6179,-0.0001,-0.0,0.0002,0.29,-3.92,3.93,100.0,0,0,0
6.26,0.0,0.0,0.0,-0.0146,-0.0082,0.6179,-0.0001,-0.0,0.0002,0.29,-3.92,3.93,100.0,0,0,0
6.28,0.0,0.0,0.0,-0.0146,-0.0082,0.6179,-0.0001,-0.0,0.0002,0.29,-3.92,3.93,100.0,0,0,0
6.3,0.0,0.0,0.0,-0.0146,-0.0082,0.6179,-0.0001,-0.0,0.0002,0.29,-3.92,3.94,100.0,0,0,0
6.32,0.0,0.0,0.0,-0.0146,-0.0082,0.6179,-0.0001,-0.0,0.0002,0.29,-3.93,3.94,100.0,0,0,0
6.34,0.0,0.0,0.0,-0.0146,-0.0082,0.6179,-0.0001,-0.0,0.0002,0.29,-3.93,3.94,100.0,0,0,0
6.36,0.0,0.0,0.0,-0.0146,-0.0082,0.6179,-0.0001,-0.0,0.0002,0.29,-3.93,3.94,100.0,0,0,0
6.38,0.0,0.0,0.0,-0.0146,-0.0082,0.6179,-0.0001,-0.0,0.0002,0.29,-3.93,3.94,100.0,0,0,0
6.4,0.0,0.0,0.0,-0.0146,-0.0082,0.6179,-0.0001,-0.0,0.0002,0.29,-3.93,3.94,100.0,0,0,0
6.42,0.0,0.0,0.0,-0.0146,-0.0082,0.6179,-0.0001,-0.0,0.0002,0.29,-3.93,3.94,100.0,0,0,0
6.44,0.0,0.0,0.0,-0.0146,-0.0082,0.6179,-0.0001,-0.0,0.0002,0.29,-3.93,3.94,100.0,0,0,0
6.46,0.0,0.0,0.0,-0.0146,-0.0082,0.6179,-0.0001,-0.0,0.0002,0.29,-3.93,3.94,100.0,0,0,0
6.48,0.0,0.0,0.0,-0.0146,-0.0082,0.6179,-0.0001,-0.0,0.0002,0.29,-3.93,3.94,100.0,0,0,0
6.5,0.0,0.0,0.0,-0.0146,-0.0082,0.6179,-0.0001,-0.0,0.0002,0.29,-3.93,3.94,100.0,0,0,0
6.52,0.0,0.0,0.0,-0.0146,-0.0082,0.6179,-0.0001,-0.0,0.0002,0.29,-3.93,3.94,100.0,0,0,0
6.54,0.0,0.0,0.0,-0.0146,-0.0082,0.6179,-0.0001,-0.0,0.0002,0.29,-3.93,3.94,100.0,0,0,0
6.56,0.0,0.0,0.0,-0.0146,-0.0082,0.6179,-0.0001,-0.0,0.0002,0.29,-3.93,3.94,100.0,0,0,0
6.58,0.0,0.0,0.0,-0.0146,-0.0082,0.6179,-0.0001,-0.0,0.0002,0.29,-3.93,3.94,100.0,0,0,0
6.6,0.0,0.0,0.0,-0.0146,-0.0082,0.6179,-0.0001,-0.0,0.0002,0.29,-3.93,3.94,100.0,0,0,0
6.62,0.0,0.0,0.0,-0.0146,-0.0082,0.6179,-0.0001,-0.0,0.0002,0.29,-3.93,3.94,100.0,0,0,0
6.64,0.0,0.0,0.0,-0.0146,-0.0082,0.6179,-0.0001,-0.0,0.0002,0.29,-3.93,3.94,100.0,0,0,0
6.66,0.0,0.0,0.0,-0.0146,-0.0082,0.6179,-0.0001,-0.0,0.0002,0.29,-3.93,3.94,100.0,0,0,0
6.68,0.0,0.0,0.0,-0.0146,-0.0082,0.6179,-0.0001,-0.0,0.0002,0.29,-3.93,3.94,100.0,0,0,0
6.7,0.0,0.0,0.0,-0.0146,-0.0082,0.6179,-0.0001,-0.0,0.0002,0.29,-3.93,3.94,100.0,0,0,0
6.72,0.0,0.0,0.0,-0.0146,-0.0082,0.6179,-0.0001,-0.0,0.0002,0.29,-3.93,3.94,100.0,0,0,0
6.74,0.0,0.0,0.0,-0.0146,-0.0082,0.6179,-0.0001,-0.0,0.0002,0.29,-3.93,3.95,100.0,0,0,0
6.76,0.0,0.0,0.0,-0.0146,-0.0082,0.6179,-0.0001,-0.0,0.0002,0.29,-3.94,3.95,100.0,0,0,0
6.78,0.0,0.0,0.0,-0.0146,-0.0082,0.6179,-0.0001,-0.0,0.0002,0.29,-3.94,3.95,100.0,0,0,0
6.8,0.0,0.0,0.0,-0.0146,-0.0082,0.6179,-0.0001,-0.0,0.0002,0.29,-3.94,3.95,100.0,0,0,0
6.82,0.0,0.0,0.0,-0.0146,-0.0082,0.6179,-0.0001,-0.0,0.0002,0.29,-3.94,3.95,100.0,0,0,0
6.84,0.0,0.0,0.0,-0.0146,-0.0082,0.6179,-0.0001,-0.0,0.0002,0.29,-3.94,3.95,100.0,0,0,0
6.86,0.0,0.0,0.0,-0.0146,-0.0082,0.6179,-0.0001,-0.0,0.0002,0.29,-3.94,3.95,100.0,0,0,0
6.88,0.0,0.0,0.0,-0.0146,-0.0082,0.6179,-0.0001,-0.0,0.0002,0.29,-3.94,3.95,100.0,0,0,0
6.9,0.0,0.0,0.0,-0.0146,-0.0082,0.6179,-0.0001,-0.0,0.0002,0.29,-3.94,3.95,100.0,0,0,0
6.92,0.0,0.0,0.0,-0.0146,-0.0082,0.6179,-0.0001,-0.0,0.0002,0.29,-3.94,3.95,100.0,0,0,0
6.94,0.0,0.0,0.0,-0.0146,-0.0082,0.6179,-0.0001,-0.0,0.0002,0.29,-3.94,3.95,100.0,0,0,0
6.96,0.0,0.0,0.0,-0.0146,-0.0082,0.6179,-0.0001,-0.0,0.0002,0.29,-3.94,3.95,100.0,0,0,0
6.98,0.0,0.0,0.0,-0.0146,-0.0082,0.6179,-0.0001,-0.0,0.0002,0.29,-3.94,3.95,100.0,0,0,0
7.0,0.0,0.0,0.0,-0.0146,-0.0082,0.6179,-0.0001,-0.0,0.0002,0.29,-3.94,3.95,100.0,0,0,0
7.02,0.0,0.0,0.0,-0.0146,-0.0082,0.6179,-0.0001,-0.0,0.0002,0.29,-3.94,3.95,100.0,0,0,0
7.04,0.0,0.0,0.0,-0.0146,-0.0082,0.6179,-0.0001,-0.0,0.0002,0.29,-3.94,3.95,100.0,0,0,0
7.06,0.0,0.0,0.0,-0.0146,-0.0082,0.6179,-0.0001,-0.0,0.0001,0.29,-3.94,3.95,100.0,0,0,0
7.08,0.0,0.0,0.0,-0.0146,-0.0082,0.6179,-0.0001,-0.0,0.0001,0.29,-3.94,3.95,100.0,0,0,0
7.1,0.0,0.0,0.0,-0.0146,-0.0082,0.6179,-0.0001,-0.0,0.0001,0.29,-3.94,3.95,100.0,0,0,0
7.12,0.0,0.0,0.0,-0.0146,-0.0082,0.6179,-0.0001,-0.0,0.0001,0.29,-3.94,3.95,100.0,0,0,0
7.14,0.0,0.0,0.0,-0.0146,-0.0082,0.6179,-0.0001,-0.0,0.0001,0.29,-3.94,3.95,100.0,0,0,0
7.16,0.0,0.0,0.0,-0.0147,-0.0082,0.6179,-0.0001,-0.0,0.0001,0.29,-3.94,3.95,100.0,0,0,0
7.18,0.0,0.0,0.0,-0.0147,-0.0082,0.6179,-0.0001,-0.0,0.0001,0.29,-3.94,3.95,100.0,0,0,0
7.2,0.0,0.0,0.0,-0.0147,-0.0082,0.6179,-0.0001,-0.0,0.0001,0.29,-3.94,3.96,100.0,0,0,0
7.22,0.0,0.0,0.0,-0.0147,-0.0082,0.6179,-0.0001,-0.0,0.0001,0.29,-3.95,3.96,100.0,0,0,0
7.24,0.0,0.0,0.0,-0.0147,-0.0082,0.6179,-0.0001,-0.0,0.0001,0.29,-3.95,3.96,100.0,0,0,0
7.26,0.0,0.0,0.0,-0.0147,-0.0082,0.6179,-0.0001,-0.0,0.0001,0.29,-3.95,3.96,100.0,0,0,0
7.28,0.0,0.0,0.0,-0.0147,-0.0082,0.6179,-0.0001,-0.0,0.0001,0.29,-3.95,3.96,100.0,0,0,0
7.3,0.0,0.0,0.0,-0.0147,-0.0082,0.6179,-0.0001,-0.0,0.0001,0.29,-3.95,3.96,100.0,0,0,0
7.32,0.0,0.0,0.0,-0.0147,-0.0082,0.6179,-0.0001,-0.0,0.0001,0.29,-3.95,3.96,100.0,0,0,0
7.34,0.0,0.0,0.0,-0.0147,-0.0082,0.6179,-0.0001,-0.0,0.0001,0.29,-3.95,3.96,100.0,0,0,0
7.36,0.0,0.0,0.0,-0.0147,-0.0082,0.6179,-0.0001,-0.0,0.0001,0.29,-3.95,3.96,100.0,0,0,0
7.38,0.0,0.0,0.0,-0.0147,-0.0082,0.6179,-0.0001,-0.0,0.0001,0.29,-3.95,3.96,100.0,0,0,0
7.4,0.0,0.0,0.0,-0.0147,-0.0082,0.6179,-0.0001,-0.0,0.0001,0.29,-3.95,3.96,100.0,0,0,0
7.42,0.0,0.0,0.0,-0.0147,-0.0082,0.6179,-0.0001,-0.0,0.0001,0.29,-3.95,3.96,100.0,0,0,0
7.44,0.0,0.0,0.0,-0.0147,-0.0082,0.6179,-0.0001,-0.0,0.0001,0.29,-3.95,3.96,100.0,0,0,0
7.46,0.0,0.0,0.0,-0.0147,-0.0082,0.6179,-0.0001,-0.0,0.0001,0.29,-3.95,3.96,100.0,0,0,0
7.48,0.0,0.0,0.0,-0.0147,-0.0082,0.6179,-0.0001,-0.0,0.0001,0.29,-3.95,3.96,100.0,0,0,0
7.5,0.0,0.0,0.0,-0.0147,-0.0082,0.6179,-0.0001,-0.0,0.0001,0.29,-3.95,3.96,100.0,0,0,0
7.52,0.0,0.0,0.0,-0.0147,-0.0082,0.6179,-0.0001,-0.0,0.0001,0.29,-3.95,3.96,100.0,0,0,0
7.54,0.0,0.0,0.0,-0.0147,-0.0082,0.6179,-0.0001,-0.0,0.0001,0.29,-3.95,3.96,100.0,0,0,0
7.56,0.0,0.0,0.0,-0.0147,-0.0082,0.6179,-0.0001,-0.0,0.0001,0.29,-3.95,3.96,100.0,0,0,0
7.58,0.0,0.0,0.0,-0.0147,-0.0082,0.6179,-0.0001,-0.0,0.0001,0.29,-3.95,3.96,100.0,0,0,0
7.6,0.0,0.0,0.0,-0.0147,-0.0082,0.6179,-0.0001,-0.0,0.0001,0.29,-3.95,3.96,100.0,0,0,0
7.62,0.0,0.0,0.0,-0.0147,-0.0082,0.6179,-0.0001,-0.0,0.0001,0.29,-3.95,3.96,100.0,0,0,0
7.64,0.0,0.0,0.0,-0.0147,-0.0082,0.6179,-0.0001,-0.0,0.0001,0.29,-3.95,3.96,100.0,0,0,0
7.66,0.0,0.0,0.0,-0.0147,-0.0082,0.6179,-0.0001,-0.0,0.0001,0.29,-3.95,3.96,100.0,0,0,0
7.68,0.0,0.0,0.0,-0.0147,-0.0082,0.6179,-0.0001,-0.0,0.0001,0.29,-3.95,3.96,100.0,0,0,0
7.7,0.0,0.0,0.0,-0.0147,-0.0082,0.6179,-0.0001,-0.0,0.0001,0.29,-3.95,3.97,100.0,0,0,0
7.72,0.0,0.0,0.0,-0.0147,-0.0082,0.6179,-0.0001,-0.0,0.0001,0.29,-3.96,3.97,100.0,0,0,0
7.74,0.0,0.0,0.0,-0.0147,-0.0082,0.6179,-0.0001,-0.0,0.0001,0.29,-3.96,3.97,100.0,0,0,0
7.76,0.0,0.0,0.0,-0.0147,-0.0082,0.6179,-0.0001,-0.0,0.0001,0.29,-3.96,3.97,100.0,0,0,0
7.78,0.0,0.0,0.0,-0.0147,-0.0082,0.6179,-0.0001,-0.0,0.0001,0.29,-3.96,3.97,100.0,0,0,0
7.8,0.0,0.0,0.0,-0.0147,-0.0082,0.6179,-0.0001,-0.0,0.0001,0.29,-3.96,3.97,100.0,0,0,0
7.82,0.0,0.0,0.0,-0.0147,-0.0082,0.6179,-0.0001,-0.0,0.0001,0.29,-3.96,3.97,100.0,0,0,0
7.84,0.0,0.0,0.0,-0.0147,-0.0082,0.6179,-0.0001,-0.0,0.0001,0.29,-3.96,3.97,100.0,0,0,0
7.86,0.0,0.0,0.0,-0.0147,-0.0082,0.6179,-0.0001,-0.0,0.0001,0.29,-3.96,3.97,100.0,0,0,0
7.88,0.0,0.0,0.0,-0.0147,-0.0082,0.6179,-0.0001,-0.0,0.0001,0.29,-3.96,3.97,100.0,0,0,0
7.9,0.0,0.0,0.0,-0.0147,-0.0082,0.6179,-0.0001,-0.0,0.0001,0.29,-3.96,3.97,100.0,0,0,0
7.92,0.0,0.0,0.0,-0.0147,-0.0082,0.6179,-0.0001,-0.0,0.0001,0.29,-3.96,3.97,100.0,0,0,0
7.94,0.0,0.0,0.0,-0.0147,-0.0082,0.6179,-0.0001,-0.0,0.0001,0.29,-3.96,3.97,100.0,0,0,0
7.96,0.0,0.0,0.0,-0.0147,-0.0082,0.6179,-0.0001,-0.0,0.0001,0.29,-3.96,3.97,100.0,0,0,0
7.98,0.0,0.0,0.0,-0.0147,-0.0082,0.6179,-0.0001,-0.0,0.0001,0.29,-3.96,3.97,100.0,0,0,0
8.0,0.0,0.0,0.0,-0.0147,-0.0082,0.6179,-0.0001,-0.0,0.0001,0.29,-3.96,3.97,100.0,0,0,0
8.02,0.0,0.0,0.0,-0.0147,-0.0082,0.6179,-0.0001,-0.0,0.0001,0.29,-3.96,3.97,100.0,0,0,0
8.04,0.0,0.0,0.0,-0.0147,-0.0082,0.6179,-0.0001,-0.0,0.0001,0.29,-3.96,3.97,100.0,0,0,0
8.06,0.0,0.0,0.0,-0.0147,-0.0082,0.6179,-0.0001,-0.0,0.0001,0.29,-3.96,3.97,100.0,0,0,0
8.08,0.0,0.0,0.0,-0.0147,-0.0082,0.6179,-0.0001,-0.0,0.0001,0.29,-3.96,3.97,100.0,0,0,0
8.1,0.0,0.0,0.0,-0.0147,-0.0082,0.6179,-0.0001,-0.0,0.0001,0.29,-3.96,3.97,100.0,0,0,0
8.12,0.0,0.0,0.0,-0.0147,-0.0082,0.6179,-0.0001,-0.0,0.0001,0.29,-3.96,3.97,100.0,0,0,0
8.14,0.0,0.0,0.0,-0.0147,-0.0082,0.6179,-0.0001,-0.0,0.0001,0.29,-3.96,3.97,100.0,0,0,0
8.16,0.0,0.0,0.0,-0.0147,-0.0082,0.6179,-0.0001,-0.0,0.0001,0.29,-3.96,3.97,100.0,0,0,0
8.18,0.0,0.0,0.0,-0.0147,-0.0082,0.6179,-0.0001,-0.0,0.0001,0.29,-3.96,3.97,100.0,0,0,0
8.2,0.0,0.0,0.0,-0.0147,-0.0082,0.6179,-0.0001,-0.0,0.0001,0.29,-3.96,3.97,100.0,0,0,0
8.22,0.0,0.0,0.0,-0.0147,-0.0082,0.6179,-0.0001,-0.0,0.0001,0.29,-3.96,3.97,100.0,0,0,0
8.24,0.0,0.0,0.0,-0.0147,-0.0082,0.6179,-0.0001,-0.0,0.0001,0.29,-3.96,3.97,100.0,0,0,0
8.26,0.0,0.0,0.0,-0.0147,-0.0082,0.6179,-0.0001,-0.0,0.0001,0.29,-3.96,3.98,100.0,0,0,0
8.28,0.0,0.0,0.0,-0.0147,-0.0082,0.6179,-0.0001,-0.0,0.0001,0.29,-3.96,3.98,100.0,0,0,0
8.3,0.0,0.0,0.0,-0.0147,-0.0082,0.6179,-0.0001,-0.0,0.0001,0.29,-3.97,3.98,100.0,0,0,0
8.32,0.0,0.0,0.0,-0.0147,-0.0082,0.6179,-0.0001,-0.0,0.0001,0.29,-3.97,3.98,100.0,0,0,0
8.34,0.0,0.0,0.0,-0.0147,-0.0082,0.6179,-0.0001,-0.0,0.0001,0.29,-3.97,3.98,100.0,0,0,0
8.36,0.0,0.0,0.0,-0.0148,-0.0082,0.6179,-0.0001,-0.0,0.0001,0.29,-3.97,3.98,100.0,0,0,0
8.38,0.0,0.0,0.0,-0.0148,-0.0082,0.6179,-0.0001,-0.0,0.0001,0.29,-3.97,3.98,100.0,0,0,0
8.4,0.0,0.0,0.0,-0.0148,-0.0082,0.6179,-0.0001,-0.0,0.0001,0.29,-3.97,3.98,100.0,0,0,0
8.42,0.0,0.0,0.0,-0.0148,-0.0082,0.6179,-0.0001,-0.0,0.0001,0.29,-3.97,3.98,100.0,0,0,0
8.44,0.0,0.0,0.0,-0.0148,-0.0082,0.6179,-0.0001,-0.0,0.0001,0.29,-3.97,3.98,100.0,0,0,0
8.46,0.0,0.0,0.0,-0.0148,-0.0082,0.6179,-0.0001,-0.0,0.0001,0.29,-3.97,3.98,100.0,0,0,0
8.48,0.0,0.0,0.0,-0.0148,-0.0082,0.6179,-0.0001,-0.0,0.0001,0.29,-3.97,3.98,100.0,0,0,0
8.5,0.0,0.0,0.0,-0.0148,-0.0082,0.6179,-0.0001,-0.0,0.0001,0.29,-3.97,3.98,100.0,0,0,0
8.52,0.0,0.0,0.0,-0.0148,-0.0082,0.6179,-0.0001,-0.0,0.0001,0.29,-3.97,3.98,100.0,0,0,0
8.54,0.0,0.0,0.0,-0.0148,-0.0082,0.6179,-0.0001,-0.0,0.0001,0.29,-3.97,3.98,100.0,0,0,0
8.56,0.0,0.0,0.0,-0.0148,-0.0082,0.6179,-0.0001,-0.0,0.0001,0.29,-3.97,3.98,100.0,0,0,0
8.58,0.0,0.0,0.0,-0.0148,-0.0082,0.6179,-0.0001,-0.0,0.0001,0.29,-3.97,3.98,100.0,0,0,0
8.6,0.0,0.0,0.0,-0.0148,-0.0082,0.6179,-0.0001,-0.0,0.0001,0.29,-3.97,3.98,100.0,0,0,0
8.62,0.0,0.0,0.0,-0.0148,-0.0082,0.6179,-0.0001,-0.0,0.0001,0.29,-3.97,3.98,100.0,0,0,0
8.64,0.0,0.0,0.0,-0.0148,-0.0082,0.6179,-0.0001,-0.0,0.0001,0.29,-3.97,3.98,100.0,0,0,0
8.66,0.0,0.0,0.0,-0.0148,-0.0082,0.6179,-0.0001,-0.0,0.0001,0.29,-3.97,3.98,100.0,0,0,0
8.68,0.0,0.0,0.0,-0.0148,-0.0082,0.6179,-0.0001,-0.0,0.0001,0.29,-3.97,3.98,100.0,0,0,0
8.7,0.0,0.0,0.0,-0.0148,-0.0082,0.6179,-0.0001,-0.0,0.0001,0.29,-3.97,3.98,100.0,0,0,0
8.72,0.0,0.0,0.0,-0.0148,-0.0082,0.6179,-0.0001,-0.0,0.0001,0.29,-3.97,3.98,100.0,0,0,0
8.74,0.0,0.0,0.0,-0.0148,-0.0082,0.6179,-0.0001,-0.0,0.0001,0.29,-3.97,3.98,100.0,0,0,0
8.76,0.0,0.0,0.0,-0.0148,-0.0082,0.6179,-0.0,-0.0,0.0001,0.29,-3.97,3.98,100.0,0,0,0
8.78,0.0,0.0,0.0,-0.0148,-0.0082,0.6179,-0.0,-0.0,0.0001,0.29,-3.97,3.98,100.0,0,0,0
8.8,0.0,0.0,0.0,-0.0148,-0.0082,0.6179,-0.0,-0.0,0.0001,0.29,-3.97,3.98,100.0,0,0,0
8.82,0.0,0.0,0.0,-0.0148,-0.0082,0.6179,-0.0,-0.0,0.0001,0.29,-3.97,3.98,100.0,0,0,0
8.84,0.0,0.0,0.0,-0.0148,-0.0082,0.6179,-0.0,-0.0,0.0001,0.29,-3.97,3.98,100.0,0,0,0
8.86,0.0,0.0,0.0,-0.0148,-0.0082,0.6179,-0.0,-0.0,0.0001,0.29,-3.97,3.98,100.0,0,0,0
8.88,0.0,0.0,0.0,-0.0148,-0.0082,0.6179,-0.0,-0.0,0.0001,0.29,-3.97,3.98,100.0,0,0,0
8.9,0.0,0.0,0.0,-0.0148,-0.0082,0.6179,-0.0,-0.0,0.0001,0.29,-3.97,3.98,100.0,0,0,0
8.92,0.0,0.0,0.0,-0.0148,-0.0082,0.6179,-0.0,-0.0,0.0001,0.29,-3.97,3.98,100.0,0,0,0
8.94,0.0,0.0,0.0,-0.0148,-0.0082,0.6179,-0.0,-0.0,0.0001,0.29,-3.97,3.98,100.0,0,0,0
8.96,0.0,0.0,0.0,-0.0148,-0.0082,0.6179,-0.0,-0.0,0.0001,0.29,-3.97,3.98,100.0,0,0,0
8.98,0.0,0.0,0.0,-0.0148,-0.0082,0.6179,-0.0,-0.0,0.0001,0.29,-3.97,3.99,100.0,0,0,0
9.0,0.0,0.0,0.0,-0.0148,-0.0082,0.6179,-0.0,-0.0,0.0001,0.29,-3.97,3.99,100.0,0,0,0
9.02,0.0,0.0,0.0,-0.0148,-0.0082,0.6179,-0.0,-0.0,0.0001,0.29,-3.98,3.99,100.0,0,0,0
9.04,0.0,0.0,0.0,-0.0148,-0.0082,0.6179,-0.0,-0.0,0.0001,0.29,-3.98,3.99,100.0,0,0,0
9.06,0.0,0.0,0.0,-0.0148,-0.0082,0.6179,-0.0,-0.0,0.0001,0.29,-3.98,3.99,100.0,0,0,0
9.08,0.0,0.0,0.0,-0.0148,-0.0082,0.6179,-0.0,-0.0,0.0001,0.29,-3.98,3.99,100.0,0,0,0
9.1,0.0,0.0,0.0,-0.0148,-0.0082,0.6179,-0.0,-0.0,0.0001,0.29,-3.98,3.99,100.0,0,0,0
9.12,0.0,0.0,0.0,-0.0148,-0.0082,0.6179,-0.0,-0.0,0.0001,0.29,-3.98,3.99,100.0,0,0,0
9.14,0.0,0.0,0.0,-0.0148,-0.0082,0.6179,-0.0,-0.0,0.0001,0.29,-3.98,3.99,100.0,0,0,0
9.16,0.0,0.0,0.0,-0.0148,-0.0082,0.6179,-0.0,-0.0,0.0001,0.29,-3.98,3.99,100.0,0,0,0
9.18,0.0,0.0,0.0,-0.0148,-0.0082,0.6179,-0.0,-0.0,0.0001,0.29,-3.98,3.99,100.0,0,0,0
9.2,0.0,0.0,0.0,-0.0148,-0.0082,0.6179,-0.0,-0.0,0.0001,0.29,-3.98,3.99,100.0,0,0,0
9.22,0.0,0.0,0.0,-0.0148,-0.0082,0.6179,-0.0,-0.0,0.0001,0.29,-3.98,3.99,100.0,0,0,0
9.24,0.0,0.0,0.0,-0.0148,-0.0082,0.6179,-0.0,-0.0,0.0001,0.29,-3.98,3.99,100.0,0,0,0
9.26,0.0,0.0,0.0,-0.0148,-0.0082,0.6179,-0.0,-0.0,0.0001,0.29,-3.98,3.99,100.0,0,0,0
9.28,0.0,0.0,0.0,-0.0148,-0.0082,0.6179,-0.0,-0.0,0.0001,0.29,-3.98,3.99,100.0,0,0,0
9.3,0.0,0.0,0.0,-0.0148,-0.0082,0.6179,-0.0,-0.0,0.0001,0.29,-3.98,3.99,100.0,0,0,0
9.32,0.0,0.0,0.0,-0.0148,-0.0082,0.6179,-0.0,-0.0,0.0001,0.29,-3.98,3.99,100.0,0,0,0
9.34,0.0,0.0,0.0,-0.0148,-0.0082,0.6179,-0.0,-0.0,0.0001,0.29,-3.98,3.99,100.0,0,0,0
9.36,0.0,0.0,0.0,-0.0148,-0.0082,0.6179,-0.0,-0.0,0.0001,0.29,-3.98,3.99,100.0,0,0,0
9.38,0.0,0.0,0.0,-0.0148,-0.0082,0.6179,-0.0,-0.0,0.0001,0.29,-3.98,3.99,100.0,0,0,0
9.4,0.0,0.0,0.0,-0.0148,-0.0082,0.6179,-0.0,-0.0,0.0001,0.29,-3.98,3.99,100.0,0,0,0
9.42,0.0,0.0,0.0,-0.0148,-0.0082,0.6179,-0.0,-0.0,0.0001,0.29,-3.98,3.99,100.0,0,0,0
9.44,0.0,0.0,0.0,-0.0148,-0.0082,0.6179,-0.0,-0.0,0.0001,0.29,-3.98,3.99,100.0,0,0,0
9.46,0.0,0.0,0.0,-0.0148,-0.0082,0.6179,-0.0,-0.0,0.0001,0.29,-3.98,3.99,100.0,0,0,0
9.48,0.0,0.0,0.0,-0.0148,-0.0082,0.6179,-0.0,-0.0,0.0001,0.29,-3.98,3.99,100.0,0,0,0
9.5,0.0,0.0,0.0,-0.0148,-0.0082,0.6179,-0.0,-0.0,0.0001,0.29,-3.98,3.99,100.0,0,0,0
9.52,0.0,0.0,0.0,-0.0148,-0.0082,0.6179,-0.0,-0.0,0.0001,0.29,-3.98,3.99,100.0,0,0,0
9.54,0.0,0.0,0.0,-0.0148,-0.0082,0.6179,-0.0,-0.0,0.0001,0.29,-3.98,3.99,100.0,0,0,0
9.56,0.0,0.0,0.0,-0.0148,-0.0082,0.6179,-0.0,-0.0,0.0001,0.29,-3.98,3.99,100.0,0,0,0
9.58,0.0,0.0,0.0,-0.0148,-0.0082,0.6179,-0.0,-0.0,0.0001,0.29,-3.98,3.99,100.0,0,0,0
9.6,0.0,0.0,0.0,-0.0148,-0.0082,0.6179,-0.0,-0.0,0.0001,0.29,-3.98,3.99,100.0,0,0,0
9.62,0.0,0.0,0.0,-0.0148,-0.0082,0.6179,-0.0,-0.0,0.0001,0.29,-3.98,3.99,100.0,0,0,0
9.64,0.0,0.0,0.0,-0.0148,-0.0082,0.6179,-0.0,-0.0,0.0001,0.29,-3.98,3.99,100.0,0,0,0
9.66,0.0,0.0,0.0,-0.0148,-0.0082,0.6179,-0.0,-0.0,0.0001,0.29,-3.98,3.99,100.0,0,0,0
9.68,0.0,0.0,0.0,-0.0148,-0.0082,0.6179,-0.0,-0.0,0.0001,0.29,-3.98,3.99,100.0,0,0,0
9.7,0.0,0.0,0.0,-0.0148,-0.0082,0.6179,-0.0,-0.0,0.0001,0.29,-3.98,3.99,100.0,0,0,0
9.72,0.0,0.0,0.0,-0.0148,-0.0082,0.6179,-0.0,-0.0,0.0001,0.29,-3.98,3.99,100.0,0,0,0
9.74,0.0,0.0,0.0,-0.0148,-0.0082,0.6179,-0.0,-0.0,0.0001,0.29,-3.98,3.99,100.0,0,0,0
9.76,0.0,0.0,0.0,-0.0148,-0.0082,0.6179,-0.0,-0.0,0.0001,0.29,-3.98,3.99,100.0,0,0,0
9.78,0.0,0.0,0.0,-0.0148,-0.0082,0.6179,-0.0,-0.0,0.0001,0.29,-3.98,3.99,100.0,0,0,0
9.8,0.0,0.0,0.0,-0.0148,-0.0082,0.6179,-0.0,-0.0,0.0001,0.29,-3.98,3.99,100.0,0,0,0
9.82,0.0,0.0,0.0,-0.0148,-0.0082,0.6179,-0.0,-0.0,0.0001,0.29,-3.98,3.99,100.0,0,0,0
9.84,0.0,0.0,0.0,-0.0148,-0.0082,0.6179,-0.0,-0.0,0.0001,0.29,-3.98,3.99,100.0,0,0,0
9.86,0.0,0.0,0.0,-0.0148,-0.0082,0.6179,-0.0,-0.0,0.0001,0.29,-3.98,4.0,100.0,0,0,0
9.88,0.0,0.0,0.0,-0.0148,-0.0082,0.6179,-0.0,-0.0,0.0001,0.29,-3.98,4.0,100.0,0,0,0
9.9,0.0,0.0,0.0,-0.0148,-0.0082,0.6179,-0.0,-0.0,0.0001,0.29,-3.99,4.0,100.0,0,0,0
9.92,0.0,0.0,0.0,-0.0148,-0.0082,0.6179,-0.0,-0.0,0.0001,0.29,-3.99,4.0,100.0,0,0,0
9.94,0.0,0.0,0.0,-0.0148,-0.0082,0.6179,-0.0,-0.0,0.0001,0.29,-3.99,4.0,100.0,0,0,0
9.96,0.0,0.0,0.0,-0.0148,-0.0082,0.6179,-0.0,-0.0,0.0001,0.29,-3.99,4.0,100.0,0,0,0
9.98,0.0,0.0,0.0,-0.0148,-0.0082,0.6179,-0.0,-0.0,0.0001,0.29,-3.99,4.0,100.0,0,0,0
10.0,0.0,0.0,0.0,-0.0148,-0.0082,0.6179,-0.0,-0.0,0.0001,0.29,-3.99,4.0,100.0,0,0,0
10.02,0.0,0.0,0.0,-0.0148,-0.0082,0.6179,-0.0,-0.0,0.0001,0.29,-3.99,4.0,100.0,0,0,0
10.04,0.0,0.0,0.0,-0.0148,-0.0082,0.6179,-0.0,-0.0,0.0001,0.29,-3.99,4.0,100.0,0,0,0
10.06,0.0,0.0,0.0,-0.0148,-0.0082,0.6179,-0.0,-0.0,0.0001,0.29,-3.99,4.0,100.0,0,0,0
10.08,0.0,0.0,0.0,-0.0148,-0.0082,0.6179,-0.0,-0.0,0.0001,0.29,-3.99,4.0,100.0,0,0,0
10.1,0.0,0.0,0.0,-0.0148,-0.0082,0.6179,-0.0,-0.0,0.0001,0.29,-3.99,4.0,100.0,0,0,0
10.12,0.0,0.0,0.0,-0.0148,-0.0082,0.6179,-0.0,-0.0,0.0001,0.29,-3.99,4.0,100.0,0,0,0
10.14,0.0,0.0,0.0,-0.0148,-0.0082,0.6179,-0.0,-0.0,0.0001,0.29,-3.99,4.0,100.0,0,0,0
10.16,0.0,0.0,0.0,-0.0148,-0.0082,0.6179,-0.0,-0.0,0.0001,0.29,-3.99,4.0,100.0,0,0,0
10.18,0.0,0.0,0.0,-0.0148,-0.0082,0.6179,-0.0,-0.0,0.0001,0.29,-3.99,4.0,100.0,0,0,0
10.2,0.0,0.0,0.0,-0.0148,-0.0082,0.6179,-0.0,-0.0,0.0001,0.29,-3.99,4.0,100.0,0,0,0
10.22,0.0,0.0,0.0,-0.0148,-0.0082,0.6179,-0.0,-0.0,0.0001,0.29,-3.99,4.0,100.0,0,0,0
10.24,0.0,0.0,0.0,-0.0148,-0.0082,0.6179,-0.0,-0.0,0.0001,0.29,-3.99,4.0,100.0,0,0,0
10.26,0.0,0.0,0.0,-0.0148,-0.0082,0.6179,-0.0,-0.0,0.0001,0.29,-3.99,4.0,100.0,0,0,0
10.28,0.0,0.0,0.0,-0.0148,-0.0082,0.6179,-0.0,-0.0,0.0001,0.29,-3.99,4.0,100.0,0,0,0
10.3,0.0,0.0,0.0,-0.0148,-0.0082,0.6179,-0.0,-0.0,0.0001,0.29,-3.99,4.0,100.0,0,0,0
10.32,0.0,0.0,0.0,-0.0148,-0.0082,0.6179,-0.0,-0.0,0.0001,0.29,-3.99,4.0,100.0,0,0,0
10.34,0.0,0.0,0.0,-0.0148,-0.0082,0.6179,-0.0,-0.0,0.0001,0.29,-3.99,4.0,100.0,0,0,0
10.36,0.0,0.0,0.0,-0.0148,-0.0082,0.6179,-0.0,-0.0,0.0001,0.29,-3.99,4.0,100.0,0,0,0
10.38,0.0,0.0,0.0,-0.0148,-0.0082,0.6179,-0.0,-0.0,0.0001,0.29,-3.99,4.0,100.0,0,0,0
10.4,0.0,0.0,0.0,-0.0148,-0.0082,0.6179,-0.0,-0.0,0.0001,0.29,-3.99,4.0,100.0,0,0,0
10.42,0.0,0.0,0.0,-0.0148,-0.0082,0.6179,-0.0,-0.0,0.0001,0.29,-3.99,4.0,100.0,0,0,0
10.44,0.0,0.0,0.0,-0.0148,-0.0082,0.6179,-0.0,-0.0,0.0001,0.29,-3.99,4.0,100.0,0,0,0
10.46,0.0,0.0,0.0,-0.0148,-0.0082,0.6179,-0.0,-0.0,0.0001,0.29,-3.99,4.0,100.0,0,0,0
10.48,0.0,0.0,0.0,-0.0148,-0.0082,0.6179,-0.0,-0.0,0.0001,0.29,-3.99,4.0,100.0,0,0,0
10.5,0.0,0.0,0.0,-0.0148,-0.0082,0.6179,-0.0,-0.0,0.0001,0.29,-3.99,4.0,100.0,0,0,0
10.52,0.0,0.0,0.0,-0.0149,-0.0082,0.6179,-0.0,-0.0,0.0001,0.29,-3.99,4.0,100.0,0,0,0
10.54,0.0,0.0,0.0,-0.0149,-0.0082,0.6179,-0.0,-0.0,0.0001,0.29,-3.99,4.0,100.0,0,0,0
10.56,0.0,0.0,0.0,-0.0149,-0.0082,0.6179,-0.0,-0.0,0.0001,0.29,-3.99,4.0,100.0,0,0,0
10.58,0.0,0.0,0.0,-0.0149,-0.0082,0.6179,-0.0,-0.0,0.0001,0.29,-3.99,4.0,100.0,0,0,0
10.6,0.0,0.0,0.0,-0.0149,-0.0082,0.6179,-0.0,-0.0,0.0001,0.29,-3.99,4.0,100.0,0,0,0
10.62,0.0,0.0,0.0,-0.0149,-0.0082,0.6179,-0.0,-0.0,0.0001,0.29,-3.99,4.0,100.0,0,0,0
10.64,0.0,0.0,0.0,-0.0149,-0.0082,0.6179,-0.0,-0.0,0.0001,0.29,-3.99,4.0,100.0,0,0,0
10.66,0.0,0.0,0.0,-0.0149,-0.0082,0.6179,-0.0,-0.0,0.0001,0.29,-3.99,4.0,100.0,0,0,0
10.68,0.0,0.0,0.0,-0.0149,-0.0082,0.6179,-0.0,-0.0,0.0001,0.29,-3.99,4.0,100.0,0,0,0
10.7,0.0,0.0,0.0,-0.0149,-0.0082,0.6179,-0.0,-0.0,0.0001,0.29,-3.99,4.0,100.0,0,0,0
10.72,0.0,0.0,0.0,-0.0149,-0.0082,0.6179,-0.0,-0.0,0.0001,0.29,-3.99,4.0,100.0,0,0,0
10.74,0.0,0.0,0.0,-0.0149,-0.0082,0.6179,-0.0,-0.0,0.0001,0.29,-3.99,4.0,100.0,0,0,0
10.76,0.0,0.0,0.0,-0.0149,-0.0082,0.6179,-0.0,-0.0,0.0001,0.29,-3.99,4.0,100.0,0,0,0
10.78,0.0,0.0,0.0,-0.0149,-0.0082,0.6179,-0.0,-0.0,0.0001,0.29,-3.99,4.0,100.0,0,0,0
10.8,0.0,0.0,0.0,-0.0149,-0.0082,0.6179,-0.0,-0.0,0.0001,0.29,-3.99,4.0,100.0,0,0,0
10.82,0.0,0.0,0.0,-0.0149,-0.0082,0.618,-0.0,-0.0,0.0001,0.29,-3.99,4.0,100.0,0,0,0
10.84,0.0,0.0,0.0,-0.0149,-0.0082,0.618,-0.0,-0.0,0.0001,0.29,-3.99,4.01,100.0,0,0,0
10.86,0.0,0.0,0.0,-0.0149,-0.0082,0.618,-0.0,-0.0,0.0001,0.29,-3.99,4.01,100.0,0,0,0
10.88,0.0,0.0,0.0,-0.0149,-0.0082,0.618,-0.0,-0.0,0.0001,0.29,-4.0,4.01,100.0,0,0,0
10.9,0.0,0.0,0.0,-0.0149,-0.0082,0.618,-0.0,-0.0,0.0001,0.29,-4.0,4.01,100.0,0,0,0
10.92,0.0,0.0,0.0,-0.0149,-0.0082,0.618,-0.0,-0.0,0.0001,0.29,-4.0,4.01,100.0,0,0,0
10.94,0.0,0.0,0.0,-0.0149,-0.0082,0.618,-0.0,-0.0,0.0001,0.29,-4.0,4.01,100.0,0,0,0
10.96,0.0,0.0,0.0,-0.0149,-0.0082,0.618,-0.0,-0.0,0.0001,0.29,-4.0,4.01,100.0,0,0,0
10.98,0.0,0.0,0.0,-0.0149,-0.0082,0.618,-0.0,-0.0,0.0001,0.29,-4.0,4.01,100.0,0,0,0
11.0,0.0,0.0,0.0,-0.0149,-0.0082,0.618,-0.0,-0.0,0.0001,0.29,-4.0,4.01,100.0,0,0,0
11.02,0.0,0.0,0.0,-0.0149,-0.0082,0.618,-0.0,-0.0,0.0001,0.29,-4.0,4.01,100.0,0,0,0
11.04,0.0,0.0,0.0,-0.0149,-0.0082,0.618,-0.0,-0.0,0.0001,0.29,-4.0,4.01,100.0,0,0,0
11.06,0.0,0.0,0.0,-0.0149,-0.0082,0.618,-0.0,-0.0,0.0001,0.29,-4.0,4.01,100.0,0,0,0
11.08,0.0,0.0,0.0,-0.0149,-0.0082,0.618,-0.0,-0.0,0.0001,0.29,-4.0,4.01,100.0,0,0,0
11.1,0.0,0.0,0.0,-0.0149,-0.0082,0.618,-0.0,-0.0,0.0001,0.29,-4.0,4.01,100.0,0,0,0
11.12,0.0,0.0,0.0,-0.0149,-0.0082,0.618,-0.0,-0.0,0.0001,0.29,-4.0,4.01,100.0,0,0,0
11.14,0.0,0.0,0.0,-0.0149,-0.0082,0.618,-0.0,-0.0,0.0001,0.29,-4.0,4.01,100.0,0,0,0
11.16,0.0,0.0,0.0,-0.0149,-0.0082,0.618,-0.0,-0.0,0.0001,0.29,-4.0,4.01,100.0,0,0,0
11.18,0.0,0.0,0.0,-0.0149,-0.0082,0.618,-0.0,-0.0,0.0001,0.29,-4.0,4.01,100.0,0,0,0
11.2,0.0,0.0,0.0,-0.0149,-0.0082,0.618,-0.0,-0.0,0.0001,0.29,-4.0,4.01,100.0,0,0,0
11.22,0.0,0.0,0.0,-0.0149,-0.0082,0.618,-0.0,-0.0,0.0001,0.29,-4.0,4.01,100.0,0,0,0
11.24,0.0,0.0,0.0,-0.0149,-0.0082,0.618,-0.0,-0.0,0.0001,0.29,-4.0,4.01,100.0,0,0,0
11.26,0.0,0.0,0.0,-0.0149,-0.0082,0.618,-0.0,-0.0,0.0001,0.29,-4.0,4.01,100.0,0,0,0
11.28,0.0,0.0,0.0,-0.0149,-0.0082,0.618,-0.0,-0.0,0.0001,0.29,-4.0,4.01,100.0,0,0,0
11.3,0.0,0.0,0.0,-0.0149,-0.0082,0.618,-0.0,-0.0,0.0001,0.29,-4.0,4.01,100.0,0,0,0
11.32,0.0,0.0,0.0,-0.0149,-0.0082,0.618,-0.0,-0.0,0.0001,0.29,-4.0,4.01,100.0,0,0,0
11.34,0.0,0.0,0.0,-0.0149,-0.0082,0.618,-0.0,-0.0,0.0001,0.29,-4.0,4.01,100.0,0,0,0
11.36,0.0,0.0,0.0,-0.0149,-0.0082,0.618,-0.0,-0.0,0.0001,0.29,-4.0,4.01,100.0,0,0,0
11.38,0.0,0.0,0.0,-0.0149,-0.0082,0.618,-0.0,-0.0,0.0001,0.29,-4.0,4.01,100.0,0,0,0
11.4,0.0,0.0,0.0,-0.0149,-0.0082,0.618,-0.0,-0.0,0.0001,0.29,-4.0,4.01,100.0,0,0,0
11.42,0.0,0.0,0.0,-0.0149,-0.0082,0.618,-0.0,-0.0,0.0001,0.29,-4.0,4.01,100.0,0,0,0
11.44,0.0,0.0,0.0,-0.0149,-0.0082,0.618,-0.0,-0.0,0.0001,0.29,-4.0,4.01,100.0,0,0,0
11.46,0.0,0.0,0.0,-0.0149,-0.0082,0.618,-0.0,-0.0,0.0001,0.29,-4.0,4.01,100.0,0,0,0
11.48,0.0,0.0,0.0,-0.0149,-0.0082,0.618,-0.0,-0.0,0.0001,0.29,-4.0,4.01,100.0,0,0,0
11.5,0.0,0.0,0.0,-0.0149,-0.0082,0.618,-0.0,-0.0,0.0001,0.29,-4.0,4.01,100.0,0,0,0
11.52,0.0,0.0,0.0,-0.0149,-0.0082,0.618,-0.0,-0.0,0.0001,0.29,-4.0,4.01,100.0,0,0,0
11.54,0.0,0.0,0.0,-0.0149,-0.0082,0.618,-0.0,-0.0,0.0001,0.29,-4.0,4.01,100.0,0,0,0
11.56,0.0,0.0,0.0,-0.0149,-0.0082,0.618,-0.0,-0.0,0.0001,0.29,-4.0,4.01,100.0,0,0,0
11.58,0.0,0.0,0.0,-0.0149,-0.0082,0.618,-0.0,-0.0,0.0001,0.29,-4.0,4.01,100.0,0,0,0
11.6,0.0,0.0,0.0,-0.0149,-0.0082,0.618,-0.0,-0.0,0.0001,0.29,-4.0,4.01,100.0,0,0,0
11.62,0.0,0.0,0.0,-0.0149,-0.0082,0.618,-0.0,-0.0,0.0001,0.29,-4.0,4.01,100.0,0,0,0
11.64,0.0,0.0,0.0,-0.0149,-0.0082,0.618,-0.0,-0.0,0.0001,0.29,-4.0,4.01,100.0,0,0,0
11.66,0.0,0.0,0.0,-0.0149,-0.0082,0.618,-0.0,-0.0,0.0001,0.29,-4.0,4.01,100.0,0,0,0
11.68,0.0,0.0,0.0,-0.0149,-0.0082,0.618,-0.0,-0.0,0.0001,0.29,-4.0,4.01,100.0,0,0,0
11.7,0.0,0.0,0.0,-0.0149,-0.0082,0.618,-0.0,-0.0,0.0001,0.29,-4.0,4.01,100.0,0,0,0
11.72,0.0,0.0,0.0,-0.0149,-0.0082,0.618,-0.0,-0.0,0.0001,0.29,-4.0,4.01,100.0,0,0,0
11.74,0.0,0.0,0.0,-0.0149,-0.0082,0.618,-0.0,-0.0,0.0001,0.29,-4.0,4.01,100.0,0,0,0
11.76,0.0,0.0,0.0,-0.0149,-0.0082,0.618,-0.0,-0.0,0.0001,0.29,-4.0,4.01,100.0,0,0,0
11.78,0.0,0.0,0.0,-0.0149,-0.0082,0.618,-0.0,-0.0,0.0001,0.29,-4.0,4.01,100.0,0,0,0
11.8,0.0,0.0,0.0,-0.0149,-0.0082,0.618,-0.0,-0.0,0.0001,0.29,-4.0,4.01,100.0,0,0,0
11.82,0.0,0.0,0.0,-0.0149,-0.0082,0.618,-0.0,-0.0,0.0001,0.29,-4.0,4.01,100.0,0,0,0
11.84,0.0,0.0,0.0,-0.0149,-0.0082,0.618,-0.0,-0.0,0.0001,0.29,-4.0,4.01,100.0,0,0,0
11.86,0.0,0.0,0.0,-0.0149,-0.0082,0.618,-0.0,-0.0,0.0001,0.29,-4.0,4.01,100.0,0,0,0
11.88,0.0,0.0,0.0,-0.0149,-0.0082,0.618,-0.0,-0.0,0.0001,0.29,-4.0,4.01,100.0,0,0,0
11.9,0.0,0.0,0.0,-0.0149,-0.0082,0.618,-0.0,-0.0,0.0001,0.29,-4.0,4.01,100.0,0,0,0
11.92,0.0,0.0,0.0,-0.0149,-0.0082,0.618,-0.0,-0.0,0.0001,0.29,-4.0,4.01,100.0,0,0,0
11.94,0.0,0.0,0.0,-0.0149,-0.0082,0.618,-0.0,-0.0,0.0001,0.29,-4.0,4.01,100.0,0,0,0
11.96,0.0,0.0,0.0,-0.0149,-0.0082,0.618,-0.0,-0.0,0.0001,0.29,-4.0,4.02,100.0,0,0,0
11.98,0.0,0.0,0.0,-0.0149,-0.0082,0.618,-0.0,-0.0,0.0001,0.29,-4.0,4.02,100.0,0,0,0
12.0,0.0,0.0,0.0,-0.0149,-0.0082,0.618,-0.0,-0.0,0.0001,0.29,-4.0,4.02,100.0,0,0,0
12.02,0.0,0.0,0.0,-0.0149,-0.0082,0.618,-0.0,-0.0,0.0001,0.29,-4.01,4.02,100.0,0,0,0
12.04,0.0,0.0,0.0,-0.0149,-0.0082,0.618,-0.0,-0.0,0.0001,0.29,-4.01,4.02,100.0,0,0,0
12.06,0.0,0.0,0.0,-0.0149,-0.0082,0.618,-0.0,-0.0,0.0001,0.29,-4.01,4.02,100.0,0,0,0
12.08,0.0,0.0,0.0,-0.0149,-0.0082,0.618,-0.0,-0.0,0.0001,0.29,-4.01,4.02,100.0,0,0,0
12.1,0.0,0.0,0.0,-0.0149,-0.0082,0.618,-0.0,-0.0,0.0001,0.29,-4.01,4.02,100.0,0,0,0
12.12,0.0,0.0,0.0,-0.0149,-0.0082,0.618,-0.0,-0.0,0.0001,0.29,-4.01,4.02,100.0,0,0,0
12.14,0.0,0.0,0.0,-0.0149,-0.0082,0.618,-0.0,-0.0,0.0001,0.29,-4.01,4.02,100.0,0,0,0
12.16,0.0,0.0,0.0,-0.0149,-0.0082,0.618,-0.0,-0.0,0.0001,0.29,-4.01,4.02,100.0,0,0,0
12.18,0.0,0.0,0.0,-0.0149,-0.0082,0.618,-0.0,-0.0,0.0001,0.29,-4.01,4.02,100.0,0,0,0
12.2,0.0,0.0,0.0,-0.0149,-0.0082,0.618,-0.0,-0.0,0.0001,0.29,-4.01,4.02,100.0,0,0,0
12.22,0.0,0.0,0.0,-0.0149,-0.0082,0.618,-0.0,-0.0,0.0001,0.29,-4.01,4.02,100.0,0,0,0
12.24,0.0,0.0,0.0,-0.0149,-0.0082,0.618,-0.0,-0.0,0.0001,0.29,-4.01,4.02,100.0,0,0,0
12.26,0.0,0.0,0.0,-0.0149,-0.0082,0.618,-0.0,-0.0,0.0001,0.29,-4.01,4.02,100.0,0,0,0
12.28,0.0,0.0,0.0,-0.0149,-0.0082,0.618,-0.0,-0.0,0.0001,0.29,-4.01,4.02,100.0,0,0,0
12.3,0.0,0.0,0.0,-0.0149,-0.0082,0.618,-0.0,-0.0,0.0001,0.29,-4.01,4.02,100.0,0,0,0
12.32,0.0,0.0,0.0,-0.0149,-0.0082,0.618,-0.0,-0.0,0.0001,0.29,-4.01,4.02,100.0,0,0,0
12.34,0.0,0.0,0.0,-0.0149,-0.0082,0.618,-0.0,-0.0,0.0001,0.29,-4.01,4.02,100.0,0,0,0
12.36,0.0,0.0,0.0,-0.0149,-0.0082,0.618,-0.0,-0.0,0.0001,0.29,-4.01,4.02,100.0,0,0,0
12.38,0.0,0.0,0.0,-0.0149,-0.0082,0.618,-0.0,-0.0,0.0001,0.29,-4.01,4.02,100.0,0,0,0
12.4,0.0,0.0,0.0,-0.0149,-0.0082,0.618,-0.0,-0.0,0.0001,0.29,-4.01,4.02,100.0,0,0,0
12.42,0.0,0.0,0.0,-0.0149,-0.0082,0.618,-0.0,-0.0,0.0001,0.29,-4.01,4.02,100.0,0,0,0
12.44,0.0,0.0,0.0,-0.0149,-0.0082,0.618,-0.0,-0.0,0.0001,0.29,-4.01,4.02,100.0,0,0,0
12.46,0.0,0.0,0.0,-0.0149,-0.0082,0.618,-0.0,-0.0,0.0001,0.29,-4.01,4.02,100.0,0,0,0
12.48,0.0,0.0,0.0,-0.0149,-0.0082,0.618,-0.0,-0.0,0.0001,0.29,-4.01,4.02,100.0,0,0,0
12.5,0.0,0.0,0.0,-0.0149,-0.0082,0.618,-0.0,-0.0,0.0001,0.29,-4.01,4.02,100.0,0,0,0
12.52,0.0,0.0,0.0,-0.0149,-0.0082,0.618,-0.0,-0.0,0.0001,0.29,-4.01,4.02,100.0,0,0,0
12.54,0.0,0.0,0.0,-0.0149,-0.0082,0.618,-0.0,-0.0,0.0001,0.29,-4.01,4.02,100.0,0,0,0
12.56,0.0,0.0,0.0,-0.0149,-0.0082,0.618,-0.0,-0.0,0.0001,0.29,-4.01,4.02,100.0,0,0,0
12.58,0.0,0.0,0.0,-0.0149,-0.0082,0.618,-0.0,-0.0,0.0001,0.29,-4.01,4.02,100.0,0,0,0
12.6,0.0,0.0,0.0,-0.0149,-0.0082,0.618,-0.0,-0.0,0.0001,0.29,-4.01,4.02,100.0,0,0,0
12.62,0.0,0.0,0.0,-0.0149,-0.0082,0.618,-0.0,-0.0,0.0001,0.29,-4.01,4.02,100.0,0,0,0
12.64,0.0,0.0,0.0,-0.0149,-0.0082,0.618,-0.0,-0.0,0.0001,0.29,-4.01,4.02,100.0,0,0,0
12.66,0.0,0.0,0.0,-0.0149,-0.0082,0.618,-0.0,-0.0,0.0001,0.29,-4.01,4.02,100.0,0,0,0
12.68,0.0,0.0,0.0,-0.0149,-0.0082,0.618,-0.0,-0.0,0.0001,0.29,-4.01,4.02,100.0,0,0,0
12.7,0.0,0.0,0.0,-0.0149,-0.0082,0.618,-0.0,-0.0,0.0001,0.29,-4.01,4.02,100.0,0,0,0
12.72,0.0,0.0,0.0,-0.0149,-0.0082,0.618,-0.0,-0.0,0.0001,0.29,-4.01,4.02,100.0,0,0,0
12.74,0.0,0.0,0.0,-0.0149,-0.0082,0.618,-0.0,-0.0,0.0001,0.29,-4.01,4.02,100.0,0,0,0
12.76,0.0,0.0,0.0,-0.0149,-0.0082,0.618,-0.0,-0.0,0.0001,0.29,-4.01,4.02,100.0,0,0,0
12.78,0.0,0.0,0.0,-0.0149,-0.0082,0.618,-0.0,-0.0,0.0001,0.29,-4.01,4.02,100.0,0,0,0
12.8,0.0,0.0,0.0,-0.0149,-0.0082,0.618,-0.0,-0.0,0.0001,0.29,-4.01,4.02,100.0,0,0,0
12.82,0.0,0.0,0.0,-0.0149,-0.0082,0.618,-0.0,-0.0,0.0001,0.29,-4.01,4.02,100.0,0,0,0
12.84,0.0,0.0,0.0,-0.0149,-0.0082,0.618,-0.0,-0.0,0.0001,0.29,-4.01,4.02,100.0,0,0,0
12.86,0.0,0.0,0.0,-0.0149,-0.0082,0.618,-0.0,-0.0,0.0001,0.29,-4.01,4.02,100.0,0,0,0
12.88,0.0,0.0,0.0,-0.0149,-0.0082,0.618,-0.0,-0.0,0.0001,0.29,-4.01,4.02,100.0,0,0,0
12.9,0.0,0.0,0.0,-0.0149,-0.0082,0.618,-0.0,-0.0,0.0001,0.29,-4.01,4.02,100.0,0,0,0
12.92,0.0,0.0,0.0,-0.0149,-0.0082,0.618,-0.0,-0.0,0.0001,0.29,-4.01,4.02,100.0,0,0,0
12.94,0.0,0.0,0.0,-0.0149,-0.0082,0.618,-0.0,-0.0,0.0001,0.29,-4.01,4.02,100.0,0,0,0
12.96,0.0,0.0,0.0,-0.0149,-0.0082,0.618,-0.0,-0.0,0.0001,0.29,-4.01,4.02,100.0,0,0,0
12.98,0.0,0.0,0.0,-0.0149,-0.0082,0.618,-0.0,-0.0,0.0001,0.29,-4.01,4.02,100.0,0,0,0
13.0,0.0,0.0,0.0,-0.0149,-0.0082,0.618,-0.0,-0.0,0.0001,0.29,-4.01,4.02,100.0,0,0,0
13.02,0.0,0.0,0.0,-0.0149,-0.0082,0.618,-0.0,-0.0,0.0001,0.29,-4.01,4.02,100.0,0,0,0
13.04,0.0,0.0,0.0,-0.0149,-0.0082,0.618,-0.0,-0.0,0.0001,0.29,-4.01,4.02,100.0,0,0,0
13.06,0.0,0.0,0.0,-0.0149,-0.0082,0.618,-0.0,-0.0,0.0001,0.29,-4.01,4.02,100.0,0,0,0
13.08,0.0,0.0,0.0,-0.0149,-0.0082,0.618,-0.0001,-0.0,0.0001,0.29,-4.01,4.02,100.0,0,0,0
13.1,0.0,0.0,0.0,-0.0149,-0.0082,0.618,-0.0001,-0.0,0.0001,0.29,-4.01,4.02,100.0,0,0,0
13.12,0.0,0.0,0.0,-0.0149,-0.0082,0.618,-0.0001,-0.0,0.0001,0.29,-4.01,4.03,100.0,0,0,0
13.14,0.0,0.0,0.0,-0.0149,-0.0082,0.618,-0.0001,-0.0,0.0001,0.29,-4.01,4.03,100.0,0,0,0
13.16,0.0,0.0,0.0,-0.0149,-0.0082,0.618,-0.0,-0.0,0.0001,0.29,-4.02,4.03,100.0,0,0,0
13.18,0.0,0.0,0.0,-0.0149,-0.0082,0.618,-0.0,-0.0,0.0001,0.29,-4.02,4.03,100.0,0,0,0
13.2,0.0,0.0,0.0,-0.0149,-0.0082,0.618,-0.0,-0.0,0.0001,0.29,-4.02,4.03,100.0,0,0,0
13.22,0.0,0.0,0.0,-0.0149,-0.0082,0.618,-0.0,-0.0,0.0001,0.29,-4.02,4.03,100.0,0,0,0
13.24,0.0,0.0,0.0,-0.0149,-0.0082,0.618,-0.0,-0.0,0.0001,0.29,-4.02,4.03,100.0,0,0,0
13.26,0.0,0.0,0.0,-0.0149,-0.0082,0.618,-0.0,-0.0,0.0001,0.29,-4.02,4.03,100.0,0,0,0
13.28,0.0,0.0,0.0,-0.0149,-0.0082,0.618,-0.0,-0.0,0.0001,0.29,-4.02,4.03,100.0,0,0,0
13.3,0.0,0.0,0.0,-0.0149,-0.0082,0.618,-0.0,-0.0,0.0001,0.29,-4.02,4.03,100.0,0,0,0
13.32,0.0,0.0,0.0,-0.0149,-0.0082,0.618,-0.0,-0.0,0.0001,0.29,-4.02,4.03,100.0,0,0,0
13.34,0.0,0.0,0.0,-0.0149,-0.0082,0.618,-0.0,-0.0,0.0001,0.29,-4.02,4.03,100.0,0,0,0
13.36,0.0,0.0,0.0,-0.0149,-0.0082,0.618,-0.0,-0.0,0.0001,0.29,-4.02,4.03,100.0,0,0,0
13.38,0.0,0.0,0.0,-0.0149,-0.0082,0.618,-0.0,-0.0,0.0001,0.29,-4.02,4.03,100.0,0,0,0
13.4,0.0,0.0,0.0,-0.0149,-0.0082,0.618,-0.0,-0.0,0.0001,0.29,-4.02,4.03,100.0,0,0,0
13.42,0.0,0.0,0.0,-0.015,-0.0082,0.618,-0.0,-0.0,0.0001,0.29,-4.02,4.03,100.0,0,0,0
13.44,0.0,0.0,0.0,-0.015,-0.0082,0.618,-0.0,-0.0,0.0001,0.29,-4.02,4.03,100.0,0,0,0
13.46,0.0,0.0,0.0,-0.015,-0.0082,0.618,-0.0,-0.0,0.0001,0.29,-4.02,4.03,100.0,0,0,0
13.48,0.0,0.0,0.0,-0.015,-0.0082,0.618,-0.0,-0.0,0.0001,0.29,-4.02,4.03,100.0,0,0,0
13.5,0.0,0.0,0.0,-0.015,-0.0082,0.618,-0.0,-0.0,0.0001,0.29,-4.02,4.03,100.0,0,0,0
13.52,0.0,0.0,0.0,-0.015,-0.0082,0.618,-0.0,-0.0,0.0001,0.29,-4.02,4.03,100.0,0,0,0
13.54,0.0,0.0,0.0,-0.015,-0.0082,0.618,-0.0,-0.0,0.0001,0.29,-4.02,4.03,100.0,0,0,0
13.56,0.0,0.0,0.0,-0.015,-0.0082,0.618,-0.0,-0.0,0.0001,0.29,-4.02,4.03,100.0,0,0,0
13.58,0.0,0.0,0.0,-0.015,-0.0082,0.618,-0.0,-0.0,0.0001,0.29,-4.02,4.03,100.0,0,0,0
13.6,0.0,0.0,0.0,-0.015,-0.0082,0.618,-0.0,-0.0,0.0001,0.29,-4.02,4.03,100.0,0,0,0
13.62,0.0,0.0,0.0,-0.015,-0.0082,0.618,-0.0,-0.0,0.0001,0.29,-4.02,4.03,100.0,0,0,0
13.64,0.0,0.0,0.0,-0.015,-0.0082,0.618,-0.0,-0.0,0.0001,0.29,-4.02,4.03,100.0,0,0,0
13.66,0.0,0.0,0.0,-0.015,-0.0082,0.618,-0.0,-0.0,0.0001,0.29,-4.02,4.03,100.0,0,0,0
13.68,0.0,0.0,0.0,-0.015,-0.0082,0.618,-0.0,-0.0,0.0001,0.29,-4.02,4.03,100.0,0,0,0
13.7,0.0,0.0,0.0,-0.015,-0.0082,0.618,-0.0,-0.0,0.0001,0.29,-4.02,4.03,100.0,0,0,0
13.72,0.0,0.0,0.0,-0.015,-0.0082,0.618,-0.0,-0.0,0.0001,0.29,-4.02,4.03,100.0,0,0,0
13.74,0.0,0.0,0.0,-0.015,-0.0082,0.618,-0.0,-0.0,0.0001,0.29,-4.02,4.03,100.0,0,0,0
13.76,0.0,0.0,0.0,-0.015,-0.0082,0.618,-0.0,-0.0,0.0001,0.29,-4.02,4.03,100.0,0,0,0
13.78,0.0,0.0,0.0,-0.015,-0.0082,0.618,-0.0,-0.0,0.0001,0.29,-4.02,4.03,100.0,0,0,0
13.8,0.0,0.0,0.0,-0.015,-0.0082,0.618,-0.0,-0.0,0.0001,0.29,-4.02,4.03,100.0,0,0,0
13.82,0.0,0.0,0.0,-0.015,-0.0082,0.618,-0.0,-0.0,0.0001,0.29,-4.02,4.03,100.0,0,0,0
13.84,0.0,0.0,0.0,-0.015,-0.0082,0.618,-0.0,-0.0,0.0001,0.29,-4.02,4.03,100.0,0,0,0
13.86,0.0,0.0,0.0,-0.015,-0.0082,0.618,-0.0,-0.0,0.0001,0.29,-4.02,4.03,100.0,0,0,0
13.88,0.0,0.0,0.0,-0.015,-0.0082,0.618,-0.0,-0.0,0.0001,0.29,-4.02,4.03,100.0,0,0,0
13.9,0.0,0.0,0.0,-0.015,-0.0082,0.618,-0.0,-0.0,0.0001,0.29,-4.02,4.03,100.0,0,0,0
13.92,0.0,0.0,0.0,-0.015,-0.0082,0.618,-0.0,-0.0,0.0001,0.29,-4.02,4.03,100.0,0,0,0
13.94,0.0,0.0,0.0,-0.015,-0.0082,0.618,-0.0,-0.0,0.0001,0.29,-4.02,4.03,100.0,0,0,0
13.96,0.0,0.0,0.0,-0.015,-0.0082,0.618,-0.0,-0.0,0.0001,0.29,-4.02,4.03,100.0,0,0,0
13.98,0.0,0.0,0.0,-0.015,-0.0082,0.618,-0.0,-0.0,0.0001,0.29,-4.02,4.03,100.0,0,0,0
14.0,0.0,0.0,0.0,-0.015,-0.0082,0.618,-0.0,-0.0,0.0001,0.29,-4.02,4.03,100.0,0,0,0
14.02,0.0,0.0,0.0,-0.015,-0.0082,0.618,-0.0,-0.0,0.0001,0.29,-4.02,4.03,100.0,0,0,0
14.04,0.0,0.0,0.0,-0.015,-0.0082,0.618,-0.0,-0.0,0.0001,0.29,-4.02,4.03,100.0,0,0,0
14.06,0.0,0.0,0.0,-0.015,-0.0082,0.618,-0.0,-0.0,0.0001,0.29,-4.02,4.03,100.0,0,0,0
14.08,0.0,0.0,0.0,-0.015,-0.0082,0.618,-0.0,-0.0,0.0001,0.29,-4.02,4.03,100.0,0,0,0
14.1,0.0,0.0,0.0,-0.015,-0.0082,0.618,-0.0,-0.0,0.0001,0.29,-4.02,4.03,100.0,0,0,0
14.12,0.0,0.0,0.0,-0.015,-0.0082,0.618,-0.0,-0.0,0.0001,0.29,-4.02,4.03,100.0,0,0,0
14.14,0.0,0.0,0.0,-0.015,-0.0082,0.618,-0.0,-0.0,0.0001,0.29,-4.02,4.04,100.0,0,0,0
14.16,0.0,0.0,0.0,-0.015,-0.0082,0.618,-0.0,-0.0,0.0001,0.29,-4.02,4.04,100.0,0,0,0
14.18,0.0,0.0,0.0,-0.015,-0.0082,0.618,-0.0,-0.0,0.0001,0.29,-4.03,4.04,100.0,0,0,0
14.2,0.0,0.0,0.0,-0.015,-0.0082,0.618,-0.0,-0.0,0.0001,0.29,-4.03,4.04,100.0,0,0,0
14.22,0.0,0.0,0.0,-0.015,-0.0082,0.618,-0.0,-0.0,0.0001,0.29,-4.03,4.04,100.0,0,0,0
14.24,0.0,0.0,0.0,-0.015,-0.0082,0.618,-0.0,-0.0,0.0001,0.29,-4.03,4.04,100.0,0,0,0
14.26,0.0,0.0,0.0,-0.015,-0.0082,0.618,-0.0,-0.0,0.0001,0.29,-4.03,4.04,100.0,0,0,0
14.28,0.0,0.0,0.0,-0.015,-0.0082,0.618,-0.0,-0.0,0.0001,0.29,-4.03,4.04,100.0,0,0,0
14.3,0.0,0.0,0.0,-0.015,-0.0082,0.618,-0.0,-0.0,0.0001,0.29,-4.03,4.04,100.0,0,0,0
14.32,0.0,0.0,0.0,-0.015,-0.0082,0.618,-0.0,-0.0,0.0001,0.29,-4.03,4.04,100.0,0,0,0
14.34,0.0,0.0,0.0,-0.015,-0.0082,0.618,-0.0,-0.0,0.0001,0.29,-4.03,4.04,100.0,0,0,0
14.36,0.0,0.0,0.0,-0.015,-0.0082,0.618,-0.0,-0.0,0.0001,0.29,-4.03,4.04,100.0,0,0,0
14.38,0.0,0.0,0.0,-0.015,-0.0082,0.618,-0.0,-0.0,0.0001,0.29,-4.03,4.04,100.0,0,0,0
14.4,0.0,0.0,0.0,-0.015,-0.0082,0.618,-0.0,-0.0,0.0001,0.29,-4.03,4.04,100.0,0,0,0
14.42,0.0,0.0,0.0,-0.015,-0.0082,0.618,-0.0,-0.0,0.0001,0.29,-4.03,4.04,100.0,0,0,0
14.44,0.0,0.0,0.0,-0.015,-0.0082,0.618,-0.0,-0.0,0.0001,0.29,-4.03,4.04,100.0,0,0,0
14.46,0.0,0.0,0.0,-0.015,-0.0082,0.618,-0.0,-0.0,0.0001,0.29,-4.03,4.04,100.0,0,0,0
14.48,0.0,0.0,0.0,-0.015,-0.0082,0.618,-0.0,-0.0,0.0001,0.29,-4.03,4.04,100.0,0,0,0
14.5,0.0,0.0,0.0,-0.015,-0.0082,0.618,-0.0,-0.0,0.0001,0.29,-4.03,4.04,100.0,0,0,0
14.52,0.0,0.0,0.0,-0.015,-0.0082,0.618,-0.0,-0.0,0.0001,0.29,-4.03,4.04,100.0,0,0,0
14.54,0.0,0.0,0.0,-0.015,-0.0082,0.618,-0.0,-0.0,0.0001,0.29,-4.03,4.04,100.0,0,0,0
14.56,0.0,0.0,0.0,-0.015,-0.0082,0.618,-0.0,-0.0,0.0001,0.29,-4.03,4.04,100.0,0,0,0
14.58,0.0,0.0,0.0,-0.015,-0.0082,0.618,-0.0,-0.0,0.0001,0.29,-4.03,4.04,100.0,0,0,0
14.6,0.0,0.0,0.0,-0.015,-0.0082,0.618,-0.0,-0.0,0.0001,0.29,-4.03,4.04,100.0,0,0,0
14.62,0.0,0.0,0.0,-0.015,-0.0082,0.618,-0.0,-0.0,0.0001,0.29,-4.03,4.04,100.0,0,0,0
14.64,0.0,0.0,0.0,-0.015,-0.0082,0.618,-0.0,-0.0,0.0001,0.29,-4.03,4.04,100.0,0,0,0
14.66,0.0,0.0,0.0,-0.015,-0.0082,0.618,-0.0,-0.0,0.0001,0.29,-4.03,4.04,100.0,0,0,0
14.68,0.0,0.0,0.0,-0.015,-0.0082,0.618,-0.0,-0.0,0.0001,0.29,-4.03,4.04,100.0,0,0,0
14.7,0.0,0.0,0.0,-0.015,-0.0082,0.618,-0.0,-0.0,0.0001,0.29,-4.03,4.04,100.0,0,0,0
14.72,0.0,0.0,0.0,-0.015,-0.0082,0.618,-0.0,-0.0,0.0001,0.29,-4.03,4.04,100.0,0,0,0
14.74,0.0,0.0,0.0,-0.015,-0.0082,0.618,-0.0,-0.0,0.0001,0.29,-4.03,4.04,100.0,0,0,0
14.76,0.0,0.0,0.0,-0.015,-0.0082,0.618,-0.0,-0.0,0.0001,0.29,-4.03,4.04,100.0,0,0,0
14.78,0.0,0.0,0.0,-0.015,-0.0082,0.618,-0.0,-0.0,0.0001,0.29,-4.03,4.04,100.0,0,0,0
14.8,0.0,0.0,0.0,-0.015,-0.0082,0.618,-0.0,-0.0,0.0001,0.29,-4.03,4.04,100.0,0,0,0
14.82,0.0,0.0,0.0,-0.015,-0.0082,0.618,-0.0,-0.0,0.0001,0.29,-4.03,4.04,100.0,0,0,0
14.84,0.0,0.0,0.0,-0.015,-0.0082,0.618,-0.0,-0.0,0.0001,0.29,-4.03,4.04,100.0,0,0,0
14.86,0.0,0.0,0.0,-0.015,-0.0082,0.618,-0.0,-0.0,0.0001,0.29,-4.03,4.04,100.0,0,0,0
14.88,0.0,0.0,0.0,-0.015,-0.0082,0.618,-0.0,-0.0,0.0001,0.29,-4.03,4.04,100.0,0,0,0
14.9,0.0,0.0,0.0,-0.015,-0.0082,0.618,-0.0,-0.0,0.0001,0.29,-4.03,4.04,100.0,0,0,0
14.92,0.0,0.0,0.0,-0.015,-0.0082,0.618,-0.0,-0.0,0.0001,0.29,-4.03,4.04,100.0,0,0,0
14.94,0.0,0.0,0.0,-0.015,-0.0082,0.618,-0.0,-0.0,0.0001,0.29,-4.03,4.04,100.0,0,0,0
14.96,0.0,0.0,0.0,-0.015,-0.0082,0.618,-0.0,-0.0,0.0001,0.29,-4.03,4.04,100.0,0,0,0
14.98,0.0,0.0,0.0,-0.015,-0.0082,0.618,-0.0,-0.0,0.0001,0.29,-4.03,4.04,100.0,0,0,0
