cmd_vx,pre_balance_s,noise_mode,impulse_mode,displacement_x,alternations,stepping_started,final_z
0.1,0.0,off,none,0.0047,0,False,0.6176
0.1,0.0,off,5N_0.05s,0.005,0,False,0.6176
0.1,0.0,seed_1,none,0.0074,0,False,0.6165
0.1,0.0,seed_1,5N_0.05s,0.0076,0,False,0.6165
0.1,0.0,seed_2,none,0.0108,0,False,0.6171
0.1,0.0,seed_2,5N_0.05s,0.0118,0,False,0.6171
0.1,0.0,seed_3,none,0.0055,0,False,0.6169
0.1,0.0,seed_3,5N_0.05s,0.0059,0,False,0.6169
0.1,2.0,off,none,0.015,0,False,0.6166
0.1,2.0,off,5N_0.05s,0.015,0,False,0.6166
0.1,2.0,seed_1,none,0.0205,0,False,0.6164
0.1,2.0,seed_1,5N_0.05s,0.0205,0,False,0.6164
0.1,2.0,seed_2,none,0.0175,0,False,0.6171
0.1,2.0,seed_2,5N_0.05s,0.0175,0,False,0.6171
0.1,2.0,seed_3,none,0.019,0,False,0.6168
0.1,2.0,seed_3,5N_0.05s,0.019,0,False,0.6168
0.1,5.0,off,none,0.0153,0,False,0.6166
0.1,5.0,off,5N_0.05s,0.0153,0,False,0.6166
0.1,5.0,seed_1,none,0.0197,0,False,0.6164
0.1,5.0,seed_1,5N_0.05s,0.0197,0,False,0.6164
0.1,5.0,seed_2,none,0.0185,0,False,0.617
0.1,5.0,seed_2,5N_0.05s,0.0185,0,False,0.617
0.1,5.0,seed_3,none,0.0181,0,False,0.6169
0.1,5.0,seed_3,5N_0.05s,0.0181,0,False,0.6169
0.1,20.0,off,none,0.0158,0,False,0.6166
0.1,20.0,off,5N_0.05s,0.0158,0,False,0.6166
0.1,20.0,seed_1,none,0.017,0,False,0.6169
0.1,20.0,seed_1,5N_0.05s,0.017,0,False,0.6169
0.1,20.0,seed_2,none,0.0231,0,False,0.616
0.1,20.0,seed_2,5N_0.05s,0.0231,0,False,0.616
0.1,20.0,seed_3,none,0.0212,0,False,0.6167
0.1,20.0,seed_3,5N_0.05s,0.0212,0,False,0.6167
0.2,0.0,off,none,0.5535,0,True,0.6215
0.2,0.0,off,5N_0.05s,0.5546,0,True,0.6214
0.2,0.0,seed_1,none,0.4226,0,True,0.6198
0.2,0.0,seed_1,5N_0.05s,0.3725,0,True,0.6202
0.2,0.0,seed_2,none,0.4928,0,True,0.6214
0.2,0.0,seed_2,5N_0.05s,0.5001,0,True,0.6211
0.2,0.0,seed_3,none,0.4267,0,True,0.6199
0.2,0.0,seed_3,5N_0.05s,0.4252,0,True,0.6209
0.2,2.0,off,none,0.0347,0,False,0.6163
0.2,2.0,off,5N_0.05s,0.0347,0,False,0.6163
0.2,2.0,seed_1,none,0.2429,0,False,0.6227
0.2,2.0,seed_1,5N_0.05s,0.2412,0,False,0.6227
0.2,2.0,seed_2,none,0.2467,0,False,0.6218
0.2,2.0,seed_2,5N_0.05s,0.2277,0,False,0.6222
0.2,2.0,seed_3,none,0.2446,0,False,0.6219
0.2,2.0,seed_3,5N_0.05s,0.2473,0,False,0.6219
0.2,5.0,off,none,0.0349,0,False,0.6163
0.2,5.0,off,5N_0.05s,0.0349,0,False,0.6163
0.2,5.0,seed_1,none,0.1701,0,False,0.624
0.2,5.0,seed_1,5N_0.05s,0.1741,0,False,0.6241
0.2,5.0,seed_2,none,0.2043,0,False,0.6213
0.2,5.0,seed_2,5N_0.05s,0.2041,0,False,0.6215
0.2,5.0,seed_3,none,0.2328,0,False,0.6218
0.2,5.0,seed_3,5N_0.05s,0.2352,0,False,0.6218
0.2,20.0,off,none,0.0354,0,False,0.6163
0.2,20.0,off,5N_0.05s,0.0354,0,False,0.6163
0.2,20.0,seed_1,none,0.323,0,True,0.62
0.2,20.0,seed_1,5N_0.05s,0.3228,0,True,0.62
0.2,20.0,seed_2,none,0.1542,0,False,0.6196
0.2,20.0,seed_2,5N_0.05s,0.16,0,False,0.6193
0.2,20.0,seed_3,none,0.1894,0,False,0.6208
0.2,20.0,seed_3,5N_0.05s,0.1895,0,False,0.6207
0.3,0.0,off,none,1.0745,0,True,0.6198
0.3,0.0,off,5N_0.05s,1.0809,0,True,0.6201
0.3,0.0,seed_1,none,1.0771,0,True,0.6184
0.3,0.0,seed_1,5N_0.05s,1.0728,0,True,0.6186
0.3,0.0,seed_2,none,1.0476,0,True,0.619
0.3,0.0,seed_2,5N_0.05s,1.0432,0,True,0.6192
0.3,0.0,seed_3,none,1.0774,0,True,0.621
0.3,0.0,seed_3,5N_0.05s,1.0789,0,True,0.6209
0.3,2.0,off,none,0.9237,0,True,0.6208
0.3,2.0,off,5N_0.05s,0.9258,0,True,0.6208
0.3,2.0,seed_1,none,0.9662,0,True,0.6206
0.3,2.0,seed_1,5N_0.05s,0.9725,0,True,0.6206
0.3,2.0,seed_2,none,0.9483,0,True,0.6211
0.3,2.0,seed_2,5N_0.05s,0.9535,0,True,0.6235
0.3,2.0,seed_3,none,0.9677,0,True,0.6247
0.3,2.0,seed_3,5N_0.05s,0.9695,0,True,0.6247
0.3,5.0,off,none,0.9272,0,True,0.6216
0.3,5.0,off,5N_0.05s,0.9296,0,True,0.6215
0.3,5.0,seed_1,none,0.9289,0,True,0.6228
0.3,5.0,seed_1,5N_0.05s,0.9287,0,True,0.6228
0.3,5.0,seed_2,none,0.9449,0,True,0.6225
0.3,5.0,seed_2,5N_0.05s,0.9423,0,True,0.6228
0.3,5.0,seed_3,none,1.0018,0,True,0.6205
0.3,5.0,seed_3,5N_0.05s,1.0015,0,True,0.6201
0.3,20.0,off,none,0.9276,0,True,0.6219
0.3,20.0,off,5N_0.05s,0.9312,0,True,0.6215
0.3,20.0,seed_1,none,0.9547,0,True,0.6231
0.3,20.0,seed_1,5N_0.05s,0.9537,0,True,0.623
0.3,20.0,seed_2,none,0.9712,0,True,0.6191
0.3,20.0,seed_2,5N_0.05s,0.9713,0,True,0.6191
0.3,20.0,seed_3,none,1.0171,0,True,0.6241
0.3,20.0,seed_3,5N_0.05s,1.0218,0,True,0.6235
0.4,0.0,off,none,1.4697,0,True,0.6249
0.4,0.0,off,5N_0.05s,1.468,0,True,0.6249
0.4,0.0,seed_1,none,1.4947,0,True,0.6212
0.4,0.0,seed_1,5N_0.05s,1.4955,0,True,0.6217
0.4,0.0,seed_2,none,1.4922,0,True,0.6211
0.4,0.0,seed_2,5N_0.05s,1.4948,0,True,0.6211
0.4,0.0,seed_3,none,1.4855,0,True,0.6231
0.4,0.0,seed_3,5N_0.05s,1.4856,0,True,0.6219
0.4,2.0,off,none,1.4347,0,True,0.6228
0.4,2.0,off,5N_0.05s,1.4329,0,True,0.623
0.4,2.0,seed_1,none,1.3912,0,True,0.6232
0.4,2.0,seed_1,5N_0.05s,1.3995,0,True,0.6232
0.4,2.0,seed_2,none,1.4519,0,True,0.6233
0.4,2.0,seed_2,5N_0.05s,1.4523,0,True,0.6233
0.4,2.0,seed_3,none,1.4146,0,True,0.6162
0.4,2.0,seed_3,5N_0.05s,1.4166,0,True,0.6172
0.4,5.0,off,none,1.4346,0,True,0.6228
0.4,5.0,off,5N_0.05s,1.4329,0,True,0.623
0.4,5.0,seed_1,none,1.4355,0,True,0.6237
0.4,5.0,seed_1,5N_0.05s,1.4341,0,True,0.6237
0.4,5.0,seed_2,none,1.4485,0,True,0.6243
0.4,5.0,seed_2,5N_0.05s,1.4486,0,True,0.6243
0.4,5.0,seed_3,none,1.4085,0,True,0.6252
0.4,5.0,seed_3,5N_0.05s,1.4032,0,True,0.625
0.4,20.0,off,none,1.4351,0,True,0.6228
0.4,20.0,off,5N_0.05s,1.4334,0,True,0.623
0.4,20.0,seed_1,none,1.4375,0,True,0.6239
0.4,20.0,seed_1,5N_0.05s,1.4357,0,True,0.6239
0.4,20.0,seed_2,none,1.4312,0,True,0.6184
0.4,20.0,seed_2,5N_0.05s,1.4321,0,True,0.6184
0.4,20.0,seed_3,none,1.4318,0,True,0.6214
0.4,20.0,seed_3,5N_0.05s,1.4299,0,True,0.6213
