second,sim_time,commanded_vx,ground_truth_body_vx,displacement_m,mode,gantry_active,tilt_deg
1,15.0,0.4,0.2948,0.1568,MOVE,False,4.33
2,15.97,0.4,0.3246,0.4679,MOVE,False,4.66
3,16.95,0.4,0.3169,0.7801,MOVE,False,4.67
4,17.93,0.4,0.3189,1.0885,MOVE,False,4.65
5,18.9,0.4,0.3211,1.395,MOVE,False,4.67
6,19.88,0.4,0.3244,1.7012,MOVE,False,4.67
7,20.86,0.4,0.3253,2.0065,MOVE,False,4.67
8,21.84,0.4,0.3265,2.3093,MOVE,False,4.66
9,22.82,0.4,0.3274,2.6121,MOVE,False,4.68
10,23.8,0.4,0.327,2.9162,MOVE,False,4.65
