packet_idx,arrival_monotonic_s,inter_arrival_s,fw_timestamp_us,sequence
0,31340.420010125,0.0,628578,2
1,31340.523253916,0.10324379099984071,731973,3
2,31340.621680791,0.09842687499985914,829963,4
3,31340.722054041,0.10037325000303099,930567,5
4,31340.821721666,0.09966762499971082,1030432,6
5,31340.920213,0.09849133399984566,1128944,7
6,31341.021460833,0.10124783299761475,1229726,8
7,31341.122151041,0.10069020800074213,1330201,9
8,31341.225192208,0.10304116699990118,1433909,10
9,31341.325239833,0.10004762500102515,1533956,11
10,31341.420970083,0.09573024999917834,1629618,12
11,31341.52454275,0.10357266700157197,1732905,13
12,31341.625351,0.10080824999749893,1833875,14
13,31341.7214755,0.09612449999985984,1929925,15
14,31341.825511208,0.1040357080019021,2033980,16
15,31341.925252083,0.0997408750008617,2133971,17
16,31342.025232708,0.09998062500017113,2233985,18
17,31342.125234166,0.10000145799858728,2333969,19
18,31342.225420875,0.10018670899808058,2434180,20
19,31342.325271541,0.09985066600347636,2533991,21
20,31342.425151125,0.09987958399869967,2633851,22
21,31342.523743125,0.09859199999846169,2732432,23
22,31342.62535425,0.10161112500281888,2834036,24
23,31342.725236083,0.09988183299719822,2934008,25
24,31342.825173458,0.09993737500190036,3033953,26
25,31342.925182166,0.10000870799922268,3133962,27
26,31343.025192208,0.10001004199875752,3233978,28
27,31343.125250708,0.10005850000015926,3334008,29
28,31343.222396291,0.09714558300038334,3431137,30
29,31343.322424083,0.10002779199930956,3530992,31
30,31343.424302708,0.10187862500242773,3633125,32
31,31343.525369458,0.10106674999769893,3734103,33
32,31343.621986083,0.09661662500002421,3830776,34
33,31343.725235125,0.10324904200024321,3934060,35
34,31343.821534208,0.09629908300121315,4030317,36
35,31343.9252165,0.10368229199957568,4133986,37
36,31344.025337333,0.10012083300171071,4234036,38
37,31344.125104083,0.09976674999779789,4333904,39
38,31344.225144041,0.10003995800070697,4433937,40
39,31344.325251041,0.10010699999838835,4534056,41
40,31344.423160333,0.09790929200244136,4632016,42
41,31344.525236583,0.10207624999748077,4734079,43
42,31344.625381166,0.10014458300065598,4834142,44
43,31344.721994541,0.09661337500074296,4930844,45
44,31344.821446958,0.0994524170018849,5030278,46
45,31344.925165166,0.10371820799991838,5134038,47
46,31345.022001458,0.0968362919993524,5230857,48
47,31345.125245458,0.1032439999980852,5334067,49
48,31345.225182708,0.09993725000094855,5434025,50
49,31345.32521625,0.10003354199943715,5534086,51
50,31345.425214791,0.09999854100169614,5634069,52
51,31345.524420083,0.09920529199735029,5733290,53
52,31345.625203625,0.10078354200231843,5834066,54
53,31345.725154166,0.09995054099999834,5934073,55
54,31345.821891291,0.0967371250008,6030578,56
55,31345.92528575,0.10339445899808197,6134114,57
56,31346.025256583,0.09997083300186205,6234114,58
57,31346.125246875,0.0999902919975284,6334079,59
58,31346.223282875,0.0980359999994107,6432069,60
59,31346.325321125,0.10203825000280631,6534213,61
60,31346.425589583,0.10026845799802686,6634335,62
61,31346.524080583,0.09849100000064936,6732971,63
62,31346.62183225,0.09775166699910187,6830759,64
63,31346.725108666,0.103276416000881,6934005,65
64,31346.825198333,0.10008966700115707,7034080,66
65,31346.925178458,0.09998012500000186,7134077,67
66,31347.025340041,0.10016158299913513,7234130,68
67,31347.125149833,0.09980979199826834,7334065,69
68,31347.22516575,0.10001591699983692,7434092,70
69,31347.32535575,0.10019000000102096,7534212,71
70,31347.425367291,0.10001154100245913,7634214,72
71,31347.5236515,0.09828420899793855,7732607,73
72,31347.625242375,0.1015908750014205,7834128,74
73,31347.725078666,0.0998362909995194,7934017,75
74,31347.825268416,0.10018974999911734,8034090,76
75,31347.925233625,0.09996520899949246,8134150,77
76,31348.021291541,0.0960579160018824,8229359,78
77,31348.124145791,0.10285424999892712,8333087,79
78,31348.2233615,0.09921570900041843,8432030,80
79,31348.32610925,0.10274774999925285,8534782,81
80,31348.4222475,0.09613824999905773,8631162,82
81,31348.523318333,0.10107083299953956,8732168,83
82,31348.62526025,0.10194191700065858,8834190,84
83,31348.722618375,0.09735812500002794,8931571,85
84,31348.825177625,0.10255925000092248,9034165,86
85,31348.925234916,0.10005729100157623,9134174,87
86,31349.025350208,0.1001152919998276,9234188,88
87,31349.125205333,0.09985512499770266,9334185,89
88,31349.225191625,0.09998629199981224,9434165,90
89,31349.320867041,0.09567541599972174,9529904,91
90,31349.425149458,0.10428241699992213,9634172,92
91,31349.523688791,0.0985393330010993,9732664,93
92,31349.625164541,0.10147575000155484,9834167,94
93,31349.72249875,0.0973342090001097,9931402,95
94,31349.82520475,0.1027059999978519,10034192,96
95,31349.924853125,0.09964837500228896,10133868,97
96,31350.025209291,0.1003561659999832,10234196,98
97,31350.125209833,0.1000005419991794,10334213,99
98,31350.225434291,0.1002244579976832,10434398,100
99,31350.321931333,0.09649704200273845,10530915,101
100,31350.424227416,0.10229608299778192,10633200,102
101,31350.52418875,0.09996133400272811,10733202,103
102,31350.625196708,0.10100795799735351,10834209,104
103,31350.725035208,0.09983850000207894,10934092,105
104,31350.82165575,0.09662054200089187,11030648,106
105,31350.925212833,0.10355708299903199,11134216,107
106,31351.025193291,0.09998045799875399,11234241,108
107,31351.125116208,0.0999229170010949,11334161,109
108,31351.225149291,0.10003308299928904,11434214,110
109,31351.325161083,0.10001179200116894,11534216,111
110,31351.424280208,0.09911912499956088,11633290,112
111,31351.526418541,0.10213833300076658,11735108,113
112,31351.625186958,0.0987684169995191,11831883,114
113,31351.725247375,0.10006041700034984,11934269,115
114,31351.825271708,0.10002433299814584,12034271,116
115,31351.925465416,0.10019370800000615,12134364,117
116,31352.025188958,0.09972354199999245,12234223,118
117,31352.125143291,0.09995433299991419,12334240,119
118,31352.225238041,0.10009474999969825,12434277,120
119,31352.325334458,0.1000964170016232,12534318,121
120,31352.425230416,0.09989595799925155,12634290,122
121,31352.523447833,0.09821741699852282,12732532,123
122,31352.625210541,0.10176270800002385,12834291,124
123,31352.725108541,0.09989800000039395,12934229,125
124,31352.821562666,0.09645412499958184,13030632,126
125,31352.925262708,0.10370004200012772,13134304,127
126,31353.022149791,0.09688708300018334,13231240,128
127,31353.125237541,0.10308775000157766,13334306,129
128,31353.225371625,0.10013408400118351,13434377,130
129,31353.325254666,0.09988304099897505,13534317,131
130,31353.425356958,0.10010229199906462,13634368,132
131,31353.525410166,0.1000532079997356,13734412,133
132,31353.622812833,0.0974026670010062,13831864,134
133,31353.72423525,0.10142241699941223,13933272,135
134,31353.825419125,0.10118387500187964,14034437,136
135,31353.925324,0.09990487499817391,14134393,137
136,31354.024486208,0.09916220800005249,14233552,138
137,31354.125355166,0.10086895800122875,14334369,139
138,31354.225315208,0.09996004200002062,14434346,140
139,31354.321943083,0.09662787499837577,14531026,141
140,31354.425419041,0.10347595799976261,14634430,142
141,31354.525354791,0.09993575000044075,14734401,143
142,31354.622027708,0.0966729169995233,14831128,144
143,31354.725324125,0.10329641700081993,14934433,145
144,31354.825198458,0.09987433299829718,15034337,146
145,31354.920725541,0.09552708300179802,15129901,147
146,31355.023000625,0.1022750839983928,15231604,148
147,31355.125304208,0.10230358300032094,15334399,149
148,31355.222034,0.09672979199967813,15431159,150
149,31355.325244958,0.10321095800100011,15534375,151
150,31355.425354833,0.10010987500209012,15634416,152
151,31355.525356583,0.10000174999731826,15734427,153
152,31355.625224875,0.09986829199988279,15834378,154
153,31355.722679041,0.09745416599980672,15931815,155
154,31355.823189708,0.10051066700179945,16032347,156
155,31355.922802291,0.09961258299881592,16131939,157
156,31356.022629333,0.09982704200228909,16231827,158
157,31356.12199075,0.09936141700018197,16331170,159
158,31356.22527325,0.10328249999656691,16434413,160
159,31356.325306541,0.10003329100072733,16534451,161
160,31356.422024416,0.09671787499974016,16631251,162
161,31356.525280833,0.10325641700183041,16734425,163
162,31356.625203166,0.09992233299999498,16834382,164
163,31356.725224333,0.10002116699979524,16934405,165
164,31356.821495458,0.09627112499947543,17030731,166
165,31356.925195583,0.10370012500061421,17134391,167
166,31357.025302708,0.10010712499934016,17234463,168
167,31357.125223291,0.09992058300122153,17334400,169
168,31357.225292125,0.10006883399910294,17434444,170
169,31357.325265083,0.09997295799985295,17534432,171
170,31357.422036541,0.09677145800014841,17631223,172
171,31357.525290375,0.10325383400049759,17734473,173
172,31357.621986958,0.0966965830011759,17831199,174
173,31357.721502708,0.09951574999649893,17930767,175
174,31357.822892916,0.10139020800124854,18032115,176
175,31357.925179375,0.10228645900133415,18134406,177
176,31358.025214708,0.10003533299823175,18234425,178
177,31358.125271375,0.10005666700089932,18334492,179
178,31358.221723958,0.0964525829986087,18430917,180
179,31358.322507291,0.10078333300043596,18531705,181
180,31358.42258125,0.10007395900174743,18631794,182
181,31358.521961291,0.09938004099967657,18731226,183
182,31358.625221583,0.10326029199859477,18834454,184
183,31358.725056416,0.09983483299947693,18934332,185
184,31358.825245916,0.1001895000008517,19034488,186
185,31358.92521325,0.09996733400112134,19134471,187
186,31359.0222355,0.09702225000000908,19231518,188
187,31359.125279541,0.1030440409995208,19334491,189
188,31359.22502875,0.09974920899912831,19434313,190
189,31359.32509075,0.10006200000134413,19534329,191
190,31359.425074916,0.09998416599773918,19634358,192
191,31359.525076375,0.10000145900266943,19734355,193
192,31359.625104458,0.10002808299759636,19834392,194
193,31359.722310083,0.09720562500297092,19931580,195
194,31359.824318208,0.10200812499897438,20033545,196
195,31359.925308833,0.10099062500012224,20134569,197
196,31360.025248208,0.09993937499893946,20234518,198
197,31360.12520925,0.09996104200035916,20334492,199
198,31360.225153291,0.09994404100143583,20434451,200
199,31360.322781958,0.09762866699747974,20532079,201
200,31360.425225875,0.10244391699961852,20634502,202
201,31360.525257458,0.10003158300241921,20734547,203
202,31360.6252025,0.09994504199858056,20834490,204
203,31360.724884625,0.09968212500098161,20934180,205
204,31360.821652208,0.09676758299974608,21030940,206
205,31360.925185041,0.10353283299991745,21134496,207
206,31361.025141583,0.09995654199883575,21234489,208
207,31361.125218166,0.10007658299946343,21334531,209
208,31361.222376666,0.09715850000065984,21431712,210
209,31361.322381125,0.10000445900004706,21531713,211
210,31361.420452625,0.09807150000051479,21629807,212
211,31361.525426083,0.10497345800104085,21734664,213
212,31361.624432708,0.0990066249978554,21833733,214
213,31361.723128708,0.0986960000009276,21932464,215
214,31361.821530958,0.09840225000152714,22030855,216
215,31361.922124666,0.10059370800081524,22131422,217
216,31362.025217208,0.10309254199819406,22234563,218
217,31362.123253625,0.09803641699909349,22332561,219
218,31362.225252083,0.10199845800161711,22434586,220
219,31362.325199583,0.09994749999896158,22534556,221
220,31362.425235083,0.10003549999964889,22634590,222
221,31362.521227625,0.09599254199929419,22730583,223
222,31362.622030875,0.10080325000308221,22831366,224
223,31362.721966708,0.09993583299728925,22931357,225
224,31362.825279291,0.10331258299993351,23034581,226
225,31362.925206166,0.09992687500198372,23134573,227
226,31363.025309208,0.10010304199749953,23234646,228
227,31363.121953125,0.0966439170006197,23331380,229
228,31363.222997791,0.10104466600023443,23431637,230
229,31363.325278625,0.10228083400215837,23534604,231
230,31363.425222,0.0999433750002936,23634594,232
231,31363.525235708,0.10001370799727738,23734617,233
232,31363.625279708,0.10004400000252645,23834626,234
233,31363.722450875,0.09717116699903272,23931835,235
234,31363.825253125,0.10280224999951315,24034633,236
235,31363.925287458,0.1000343330015312,24134664,237
236,31364.021983416,0.09669595800005482,24231426,238
237,31364.125241958,0.10325854199982132,24334638,239
238,31364.225273708,0.10003175000019837,24434659,240
239,31364.322067125,0.09679341699666111,24531463,241
240,31364.425247166,0.10318004100190592,24634650,242
241,31364.5212535,0.09600633399895742,24730651,243
242,31364.6220245,0.10077100000125938,24831448,244
243,31364.723528375,0.10150387500107172,24932998,245
244,31364.821560791,0.09803241599729517,25030966,246
245,31364.925281041,0.10372025000106078,25134692,247
246,31365.022216166,0.09693512499870849,25231637,248
247,31365.122031833,0.09981566700298572,25331462,249
248,31365.225241541,0.10320970799875795,25434678,250
249,31365.321955958,0.09671441699902061,25531412,251
250,31365.422036041,0.1000800830006483,25631484,252
251,31365.521923916,0.09988787499969476,25731392,253
252,31365.625383708,0.10345979200064903,25834748,254
253,31365.722097583,0.09671387499838602,25931531,255
254,31365.821575333,0.09947775000182446,26031024,256
255,31365.925291708,0.10371637500065845,26134716,257
256,31366.025274125,0.0999824169994099,26234724,258
257,31366.121970958,0.09669683299944154,26331415,259
258,31366.225266,0.10329504200126394,26434723,260
259,31366.32529675,0.10003074999985984,26534718,261
260,31366.42209075,0.09679399999731686,26631570,262
261,31366.525273875,0.1031831250002142,26734708,263
262,31366.625186875,0.09991300000183401,26834669,264
263,31366.725173958,0.0999870829982683,26934661,265
264,31366.822100625,0.09692666699993424,27031498,266
265,31366.922268208,0.10016758300116635,27131753,267
266,31367.0221405,0.09987229200123693,27231624,268
267,31367.125213041,0.10307254099825514,27334696,269
268,31367.225347166,0.10013412500120467,27434747,270
269,31367.322050666,0.09670349999942118,27531561,271
270,31367.422124791,0.10007412499908241,27631633,272
271,31367.522586083,0.10046129200054565,27732075,273
272,31367.625288833,0.10270274999857065,27834768,274
273,31367.7223,0.09701116700307466,27931816,275
274,31367.821591166,0.09929116599960253,28031092,276
275,31367.925221041,0.10362987500047893,28134700,277
276,31368.025335708,0.10011466699870653,28234796,278
277,31368.12223925,0.09690354199847206,28331734,279
278,31368.225295833,0.10305658300057985,28434783,280
279,31368.323461833,0.09816599999976461,28532987,281
280,31368.425269,0.10180716700051562,28634802,282
281,31368.521245916,0.09597691599992686,28730798,283
282,31368.6251935,0.10394758400070714,28834724,284
283,31368.725272666,0.10007916600079625,28934821,285
284,31368.821556708,0.09628404199975193,29031076,286
285,31368.925269541,0.10371283299900824,29134811,287
286,31369.022129333,0.09685979200003203,29231583,288
287,31369.125137833,0.10300850000203354,29334709,289
288,31369.222186708,0.09704887499901815,29431643,290
289,31369.32517525,0.10298854199936613,29534729,291
290,31369.425329666,0.10015441599898622,29634837,292
291,31369.525237916,0.09990825000204495,29734775,293
292,31369.620304666,0.09506675000011455,29829868,294
293,31369.722299625,0.10199495899723843,29931886,295
294,31369.820532375,0.09823275000235299,30030138,296
295,31369.921977333,0.10144495799977449,30131571,297
296,31370.022121875,0.10014454200063483,30231665,298
297,31370.125259833,0.10313795799811487,30334805,299
298,31370.225213333,0.09995350000099279,30434811,300
299,31370.325215416,0.10000208299970836,30534801,301
300,31370.425204875,0.099989458998607,30634813,302
301,31370.523538916,0.09833404100209009,30733145,303
302,31370.6220075,0.09846858399760094,30831608,304
303,31370.722042958,0.10003545800282154,30931649,305
304,31370.821959166,0.09991620800064993,31031575,306
305,31370.925237125,0.10327795899866032,31134826,307
306,31371.025200083,0.09996295800010557,31234811,308
307,31371.125274833,0.1000747500002035,31334846,309
308,31371.22525575,0.0999809169989021,31434864,310
309,31371.325206583,0.09995083299872931,31534824,311
310,31371.422531708,0.09732512500340817,31632131,312
311,31371.525668708,0.10313699999824166,31734845,313
312,31371.620829875,0.09516116699887789,31830483,314
313,31371.723091166,0.10226129100192338,31932720,315
314,31371.825175041,0.1020838750009716,32034821,316
315,31371.92523725,0.10006220899958862,32134874,317
316,31372.025261041,0.10002379099751124,32234898,318
317,31372.125201958,0.09994091699991259,32334854,319
318,31372.225219583,0.10001762500178302,32434870,320
319,31372.325178916,0.09995933299796889,32534833,321
320,31372.425222333,0.1000434170018707,32634866,322
321,31372.525149083,0.0999267500010319,32734830,323
322,31372.621093416,0.0959443329993519,32830767,324
323,31372.725183875,0.10409045900087222,32934865,325
324,31372.821529458,0.09634558299876517,33031220,326
325,31372.925179666,0.10365020799872582,33134852,327
326,31373.025251791,0.10007212500204332,33234920,328
327,31373.125198875,0.09994708399972296,33334876,329
328,31373.225184583,0.09998570799871231,33434874,330
329,31373.325203291,0.10001870799897006,33534878,331
330,31373.421962041,0.09675875000175438,33631721,332
331,31373.525908291,0.1039462500011723,33735272,333
332,31373.625423333,0.09951504199852934,33834984,334
333,31373.722043875,0.09662054200089187,33931716,335
334,31373.825267166,0.10322329100017669,34034948,336
335,31373.9252695,0.10000233399841818,34134964,337
336,31374.025229583,0.09996008300004178,34234928,338
337,31374.125275958,0.100046374998783,34334976,339
338,31374.225189208,0.09991325000009965,34434923,340
339,31374.320733,0.09554379200199037,34530408,341
340,31374.425189916,0.10445691600034479,34634911,342
341,31374.522019041,0.09682912499920349,34731760,343
342,31374.62198675,0.0999677090003388,34831715,344
343,31374.725237125,0.10325037499933387,34934776,345
344,31374.821689,0.09645187500063912,35031367,346
345,31374.921867791,0.10017879099905258,35131633,347
346,31375.025208708,0.10334091700133285,35234946,348
347,31375.121584541,0.09637583299991093,35331320,349
348,31375.225336583,0.10375204199954169,35435022,350
349,31375.322032541,0.09669595800005482,35531764,351
350,31375.425198416,0.10316587499983143,35634936,352
351,31375.525241708,0.10004329200091888,35734985,353
352,31375.624218708,0.09897699999783072,35833956,354
353,31375.721951875,0.09773316700011492,35931721,355
354,31375.825259291,0.10330741600046167,36034991,356
355,31375.925262416,0.10000312500051223,36135002,357
356,31376.020561791,0.0952993749997404,36230336,358
357,31376.125237,0.10467520900056115,36334983,359
358,31376.225268916,0.10003191600117134,36435010,360
359,31376.325247583,0.09997866699995939,36535011,361
360,31376.425226916,0.09997933299746364,36635006,362
361,31376.523668125,0.09844120900015696,36733407,363
362,31376.625234708,0.10156658300184063,36834984,364
363,31376.725225083,0.09999037499801489,36934999,365
364,31376.821566958,0.09634187499977998,37031339,366
365,31376.925197541,0.1036305830020865,37134990,367
366,31377.022135625,0.09693808399970294,37231962,368
367,31377.125270958,0.1031353329999547,37335049,369
368,31377.225205375,0.09993441700135008,37435012,370
369,31377.321438541,0.09623316599754617,37531273,371
370,31377.425262416,0.10382387500067125,37635057,372
371,31377.525234625,0.09997220900186221,37735027,373
372,31377.625231583,0.09999695799706387,37835032,374
373,31377.722018625,0.0967870420026884,37931830,375
374,31377.825145375,0.10312675000022864,38034997,376
375,31377.921906,0.09676062499784166,38131774,377
376,31378.025165916,0.10325991599893314,38235011,378
377,31378.12105575,0.09588983400317375,38330872,379
378,31378.225158541,0.10410279099960462,38435002,380
379,31378.325197708,0.10003916699861293,38535048,381
380,31378.425235291,0.10003758300081245,38635062,382
381,31378.525239,0.10000370899797417,38735065,383
382,31378.625187541,0.09994854100295925,38835017,384
383,31378.725274083,0.10008654199918965,38935092,385
384,31378.821524208,0.09625012499964214,39031358,386
385,31378.925183958,0.10365974999876926,39135049,387
386,31379.02498175,0.09979779200148187,39234943,388
387,31379.120418583,0.09543683299853001,39330299,389
388,31379.2218815,0.101462917002209,39431468,390
389,31379.325491875,0.10361037499751546,39535254,391
390,31379.422946625,0.09745475000090664,39632819,392
391,31379.521968625,0.09902199999851291,39731803,393
392,31379.625023916,0.10305529100151034,39834934,394
393,31379.722133166,0.09710925000035786,39931994,395
394,31379.821538708,0.09940554200147744,40031428,396
395,31379.925163375,0.10362466699734796,40135069,397
396,31380.025407791,0.10024441600035061,40235230,398
397,31380.12245625,0.09704845899977954,40332417,399
398,31380.225229958,0.10277370800031349,40435123,400
399,31380.323760291,0.09853033300169045,40533478,401
400,31380.425106291,0.10134599999946658,40635003,402
401,31380.520955625,0.09584933400037698,40730427,403
402,31380.625314791,0.10435916599817574,40835135,404
403,31380.721887291,0.09657250000236672,40931796,405
404,31380.82521625,0.10332895899773575,41035094,406
405,31380.92513325,0.09991699999955017,41135093,407
406,31381.025182833,0.1000495830012369,41235002,408
407,31381.125213958,0.10003112499907729,41335068,409
408,31381.225248166,0.10003420800057938,41435154,410
409,31381.321903166,0.09665500000119209,41531851,411
410,31381.425216833,0.10331366699756472,41635131,412
411,31381.521759583,0.09654275000139023,41731689,413
412,31381.625355416,0.10359583299941733,41835188,414
413,31381.721238458,0.09588304200224229,41931183,415
414,31381.821281125,0.1000426669997978,42031293,416
415,31381.922137708,0.10085658299794886,42131995,417
416,31382.025139916,0.10300220800127136,42235071,418
417,31382.125016375,0.09987645900037023,42335007,419
418,31382.220435791,0.09541941600036807,42430385,420
419,31382.325240583,0.1048047919975943,42535172,421
420,31382.421675416,0.09643483300169464,42631684,422
421,31382.523292,0.10161658400102169,42733204,423
422,31382.625261416,0.1019694159986102,42835217,424
423,31382.722956,0.09769458400114672,42932970,425
424,31382.821687166,0.0987311659991974,43031573,426
425,31382.925208875,0.10352170899932389,43135184,427
426,31383.024999375,0.09979050000038114,43235048,428
427,31383.125265375,0.10026600000128383,43335226,429
428,31383.225282083,0.10001670799829299,43435242,430
429,31383.324986291,0.09970420800163993,43535038,431
430,31383.422445708,0.09745941700020921,43632469,432
431,31383.522079333,0.09963362499911455,43732052,433
432,31383.625108375,0.10302904199852492,43835096,434
433,31383.721138875,0.09603050000077928,43931111,435
434,31383.822023083,0.10088420800093445,44032030,436
435,31383.922900875,0.10087779199966462,44132977,437
436,31384.023078791,0.10017791599966586,44233070,438
437,31384.12204075,0.09896195900000748,44332032,439
438,31384.225060208,0.10301945799801615,44435070,440
439,31384.325172541,0.10011233300247113,44535195,441
440,31384.425179083,0.10000654199757264,44635205,442
441,31384.525063833,0.09988475000136532,44735109,443
442,31384.625194125,0.10013029200126766,44835192,444
443,31384.725233208,0.10003908299768227,44935265,445
444,31384.820800708,0.09556750000047032,45030763,446
445,31384.920993791,0.10019308299888507,45130919,447
446,31385.025133916,0.10414012500041281,45235124,448
447,31385.1254005,0.10026658400238375,45335443,449
448,31385.225031541,0.09963104099733755,45435159,450
449,31385.324988208,0.09995666700342554,45535151,451
450,31385.425087791,0.10009958299997379,45635143,452
451,31385.525674208,0.10058641699652071,45735378,453
452,31385.62508775,0.09941354200054775,45835118,454
453,31385.72512725,0.10003950000100303,45935168,455
454,31385.825099833,0.0999725830006355,46035165,456
455,31385.925224833,0.10012500000084401,46135259,457
456,31386.025150625,0.09992579199752072,46235276,458
457,31386.125204458,0.10005383300085668,46335287,459
458,31386.221521583,0.09631712500049616,46431646,460
459,31386.321833541,0.10031195799820125,46531897,461
460,31386.420285916,0.09845237500121584,46630376,462
461,31386.522217583,0.10193166699900758,46732182,463
462,31386.6251015,0.1028839170030551,46835184,464
463,31386.725019541,0.09991804099990986,46935082,465
464,31386.821500083,0.09648054199715261,47031555,466
465,31386.9254175,0.10391741700004786,47135390,467
466,31387.025051458,0.09963395800150465,47235166,468
467,31387.125299708,0.10024825000073179,47335355,469
468,31387.224890208,0.09959049999815761,47435062,470
469,31387.325102041,0.10021183299977565,47535203,471
470,31387.424873958,0.0997719170009077,47635003,472
471,31387.525256583,0.10038262500165729,47735317,473
472,31387.624890291,0.09963370799960103,47835008,474
473,31387.725031625,0.10014133399818093,47935182,475
474,31387.825063875,0.10003225000036764,48035198,476
475,31387.920883333,0.09581945800164249,48131058,477
476,31388.022253083,0.10136974999841186,48231996,478
477,31388.12163375,0.09938066700124182,48331852,479
478,31388.225253083,0.10361933300009696,48435358,480
479,31388.325036041,0.0997829579973768,48535192,481
480,31388.42087975,0.0958437090012012,48631048,482
481,31388.522852291,0.10197254100057762,48733064,483
482,31388.625356666,0.10250437500144471,48835441,484
483,31388.723548666,0.0981919999976526,48933758,485
484,31388.821954291,0.0984056250017602,49032108,486
485,31388.925058166,0.10310387500067009,49135232,487
486,31389.021893416,0.09683524999854853,49232059,488
487,31389.125028125,0.10313470899927779,49335213,489
488,31389.225212,0.10018387500167591,49435362,490
489,31389.325057708,0.09984570799861103,49535228,491
490,31389.425196,0.10013829200033797,49635389,492
491,31389.525051541,0.09985554100057925,49735234,493
492,31389.622037416,0.09698587499951827,49832200,494
493,31389.721244875,0.0992074589994445,49931541,495
494,31389.82523075,0.10398587500094436,50035396,496
495,31389.920837083,0.09560633299770416,50131052,497
496,31390.0220105,0.10117341700242832,50232185,498
497,31390.121679875,0.09966937499848427,50331860,499
498,31390.221054041,0.09937416600223514,50431177,500
499,31390.325145708,0.10409166699901107,50535378,501
500,31390.425152833,0.10000712499822839,50635367,502
501,31390.520499916,0.09534708300270722,50730715,503
502,31390.621869041,0.10136912499729078,50832083,504
503,31390.722096708,0.10022766700058128,50932246,505
504,31390.821228875,0.0991321670007892,51031455,506
505,31390.92522775,0.10399887500170735,51135434,507
506,31391.025028583,0.09980083299888065,51235283,508
507,31391.122075458,0.09704687499834108,51332296,509
508,31391.224967708,0.10289225000087754,51435276,510
509,31391.321782708,0.09681500000078813,51532019,511
510,31391.420553416,0.09877070799848298,51630703,512
511,31391.525482625,0.10492920899923774,51735660,513
512,31391.625064458,0.09958183300113888,51835303,514
513,31391.725361166,0.10029670800213353,51935520,515
514,31391.825076916,0.09971574999872246,52035305,516
515,31391.925272291,0.10019537499829312,52135455,517
516,31392.0250215,0.09974920900276629,52235313,518
517,31392.121662625,0.0966411249974044,52331911,519
518,31392.225033083,0.10337045800042688,52435323,520
519,31392.32519525,0.10016216700023506,52535444,521
520,31392.424607458,0.09941220800101291,52634905,522
521,31392.525149333,0.10054187499918044,52735460,523
522,31392.624555708,0.09940637500039884,52834829,524
523,31392.725152708,0.10059700000056182,52935465,525
524,31392.825195,0.10004229200058035,53035403,526
525,31392.925029208,0.09983420799835585,53135347,527
526,31393.025202625,0.10017341699858662,53235459,528
527,31393.121855791,0.09665316600148799,53332130,529
528,31393.225183583,0.10332779199961806,53435485,530
529,31393.321671708,0.09648812500017812,53531961,531
530,31393.425177083,0.10350537500198698,53635474,532
531,31393.523107416,0.09793033299865783,53733485,533
532,31393.625225,0.1021175839996431,53835504,534
533,31393.724502333,0.09927733299991814,53934789,535
534,31393.825169833,0.10066749999896274,54035485,536
535,31393.9250395,0.09986966700307676,54135365,537
536,31394.022073583,0.09703408299901639,54232349,538
537,31394.125011916,0.10293833299874677,54335378,539
538,31394.221652125,0.0966402090016345,54431982,540
539,31394.325054208,0.10340208299749065,54535384,541
540,31394.425190958,0.10013675000300282,54635530,542
541,31394.523368875,0.09817791699970257,54733746,543
542,31394.625281041,0.10191216599923791,54835565,544
543,31394.724391,0.09910995899917907,54934773,545
544,31394.821345,0.09695400000055088,55031710,546
545,31394.921952083,0.10060708300079568,55132237,547
546,31395.021239333,0.09928724999917904,55231652,548
547,31395.125018583,0.10377924999920651,55335421,549
548,31395.223198541,0.0981799580004008,55433618,550
549,31395.321614541,0.09841600000072503,55531890,551
550,31395.425019541,0.10340499999801978,55635408,552
551,31395.525165333,0.10014579200287699,55735546,553
552,31395.625055125,0.09988979199988535,55835486,554
553,31395.722171416,0.09711629099911079,55932441,555
554,31395.821282208,0.09911079199810047,56031719,556
555,31395.925339541,0.10405733300285647,56135632,557
556,31396.024077125,0.09873758399771759,56234515,558
557,31396.122041416,0.09796429100242676,56332414,559
558,31396.225047375,0.10300595899752807,56435433,560
559,31396.322019958,0.09697258300002431,56532404,561
560,31396.421164166,0.0991442080012348,56631589,562
561,31396.525471291,0.10430712499874062,56735677,563
562,31396.621114333,0.09564304200102924,56831519,564
563,31396.725254083,0.10413975000119535,56935607,565
564,31396.821392416,0.09613833299954422,57031792,566
565,31396.92518475,0.10379233400090015,57135597,567
566,31397.0242725,0.09908774999712477,57234686,568
567,31397.124745583,0.10047308300272562,57335213,569
568,31397.225092708,0.10034712499691523,57435476,570
569,31397.321679083,0.09658637500251643,57532156,571
570,31397.42513475,0.10345566699834308,57635514,572
571,31397.522712666,0.09757791599986376,57733195,573
572,31397.625195916,0.10248325000065961,57835594,574
573,31397.725026416,0.09983049999937066,57935484,575
574,31397.821584083,0.0965576670023438,58031988,576
575,31397.922398083,0.10081399999762652,58132844,577
576,31398.025204083,0.10280599999896367,58235624,578
577,31398.125049541,0.09984545800034539,58335517,579
578,31398.222025333,0.09697579200292239,58432456,580
579,31398.324289541,0.10226420799881453,58534697,581
580,31398.425193791,0.10090425000089454,58635670,582
581,31398.524120916,0.09892712500004563,58734623,583
582,31398.622121666,0.09800075000021025,58832511,584
583,31398.720754833,0.09863316699920688,58931222,585
584,31398.825358083,0.10460324999803561,59035731,586
585,31398.925014458,0.09965637500135927,59135523,587
586,31399.025223708,0.10020924999844283,59235658,588
587,31399.122521625,0.09729791700010537,59333052,589
588,31399.22200625,0.09948462499960442,59432464,590
589,31399.325027916,0.10302166600013152,59535533,591
590,31399.4251675,0.10013958400304546,59635653,592
591,31399.524057,0.09888949999731267,59734584,593
592,31399.621821083,0.09776408300240291,59832324,594
593,31399.722770166,0.10094908300015959,59933254,595
594,31399.82407675,0.10130658399793901,60034589,596
595,31399.924272083,0.10019533300146577,60134825,597
596,31400.024992416,0.10072033300093608,60235513,598
597,31400.124262583,0.09927016699657543,60334675,599
598,31400.224974083,0.10071150000294438,60435495,600
599,31400.324225625,0.09925154200027464,60534710,601
