sim_time,cmd,body_vx,world_vx,x,y,yaw,tilt,left_foot_force,right_foot_force,joint_limit_hits,mode,gantry
34.925,0.4,-0.0,-0.0,-0.0179,-0.0049,-0.121,3.8449,148.5,158.98,4403,MOVE,False
34.945,0.4,0.051,0.0499,-0.0172,-0.005,-0.1152,3.9867,148.18,151.28,4411,MOVE,False
34.965,0.4,0.0621,0.0609,-0.016,-0.005,-0.1035,4.1481,154.33,151.03,4419,MOVE,False
34.985,0.4,0.0782,0.0772,-0.0146,-0.005,-0.0765,4.2786,151.52,150.71,4427,MOVE,False
35.005,0.4,0.0904,0.0897,-0.0129,-0.005,-0.0425,4.3771,151.16,150.84,4435,MOVE,False
35.025,0.4,0.1022,0.1018,-0.0109,-0.005,-0.007,4.4427,150.42,151.31,4443,MOVE,False
35.045,0.4,0.1123,0.1121,-0.0087,-0.0049,0.027,4.4774,150.41,151.88,4451,MOVE,False
35.065,0.4,0.1212,0.1212,-0.0063,-0.0049,0.0599,4.4839,149.9,153.21,4459,MOVE,False
35.085,0.4,0.1284,0.1285,-0.0038,-0.0048,0.0915,4.4646,150.26,152.82,4467,MOVE,False
35.105,0.4,0.1339,0.1341,-0.0011,-0.0047,0.1207,4.4214,151.09,151.64,4475,MOVE,False
35.125,0.4,0.1378,0.138,0.0016,-0.0046,0.1471,4.3569,151.86,150.28,4483,MOVE,False
35.145,0.4,0.1402,0.1405,0.0044,-0.0046,0.1704,4.2742,152.04,149.38,4491,MOVE,False
35.165,0.4,0.1414,0.1417,0.0073,-0.0045,0.1911,4.177,151.4,149.21,4499,MOVE,False
35.185,0.4,0.1413,0.1416,0.0101,-0.0044,0.21,4.0687,149.74,150.12,4507,MOVE,False
35.205,0.4,0.1402,0.1404,0.013,-0.0044,0.2285,3.9526,147.01,152.09,4515,MOVE,False
35.225,0.4,0.1371,0.1375,0.0158,-0.0043,0.2445,3.8302,149.87,138.55,4525,MOVE,False
35.245,0.4,0.1339,0.1345,0.0185,-0.0041,0.2537,3.7007,146.3,150.98,4537,MOVE,False
35.265,0.4,0.1308,0.1313,0.0212,-0.0039,0.2658,3.5723,133.99,165.03,4549,MOVE,False
35.285,0.4,0.1272,0.1275,0.0238,-0.0035,0.2964,3.4472,120.41,178.25,4561,MOVE,False
35.305,0.4,0.1244,0.1244,0.0263,-0.0029,0.3719,3.3267,111.68,187.11,4573,MOVE,False
35.325,0.4,0.1249,0.1246,0.0288,-0.002,0.4945,3.2266,99.38,198.05,4585,MOVE,False
35.345,0.4,0.1266,0.1258,0.0313,-0.0007,0.6207,3.1515,88.57,207.92,4597,MOVE,False
35.365,0.4,0.1265,0.1254,0.0339,0.0009,0.7331,3.0919,75.52,217.33,4609,MOVE,False
35.385,0.4,0.1255,0.1241,0.0364,0.0028,0.8401,3.0364,65.67,223.2,4621,MOVE,False
35.405,0.4,0.1219,0.1204,0.0388,0.0052,0.9509,2.9757,64.79,221.72,4633,MOVE,False
35.425,0.4,0.1088,0.1075,0.0411,0.0079,1.0815,2.8836,76.3,209.21,4647,MOVE,False
35.445,0.4,0.0915,0.0902,0.043,0.0108,1.2578,2.764,112.71,176.96,4663,MOVE,False
35.465,0.4,0.0803,0.0783,0.0447,0.0135,1.5524,2.6783,165.51,137.33,4679,MOVE,False
35.485,0.4,0.1175,0.1125,0.0466,0.0158,1.6719,2.7375,303.85,52.28,4691,MOVE,False
35.505,0.4,0.1204,0.1166,0.0489,0.0173,1.6409,2.8655,280.55,8.59,4703,MOVE,False
35.525,0.4,0.1294,0.1274,0.0513,0.0182,1.5911,3.0051,277.73,3.9,4715,MOVE,False
35.545,0.4,0.1422,0.1417,0.054,0.0185,1.521,3.1516,284.99,3.75,4727,MOVE,False
35.565,0.4,0.1587,0.1595,0.0571,0.0181,1.4307,3.2994,289.29,3.66,4739,MOVE,False
35.585,0.4,0.1761,0.1781,0.0605,0.0171,1.3228,3.4382,290.91,3.66,4751,MOVE,False
35.605,0.4,0.1944,0.1975,0.0643,0.0155,1.2005,3.5565,304.39,3.85,4763,MOVE,False
35.625,0.4,0.2138,0.2175,0.0685,0.0134,1.0662,3.6474,294.55,3.92,4775,MOVE,False
35.645,0.4,0.2286,0.2331,0.0731,0.0108,0.9412,3.6985,293.53,4.03,4787,MOVE,False
35.665,0.4,0.2381,0.2434,0.0779,0.0077,0.8328,3.6955,289.59,4.23,4799,MOVE,False
35.685,0.4,0.2381,0.2445,0.0828,0.0042,0.7276,3.6303,286.58,4.41,4811,MOVE,False
35.705,0.4,0.2343,0.2417,0.0877,0.0003,0.6092,3.5057,282.32,4.52,4823,MOVE,False
35.725,0.4,0.2619,0.266,0.0927,-0.0038,0.463,3.4137,284.56,185.26,4835,MOVE,False
35.745,0.4,0.2877,0.2855,0.0982,-0.0078,0.4741,3.5016,216.24,197.57,4847,MOVE,False
35.765,0.4,0.2828,0.2789,0.1037,-0.0115,0.5421,3.6438,112.68,265.79,4859,MOVE,False
35.785,0.4,0.2707,0.266,0.1091,-0.0149,0.4826,3.7743,18.55,279.24,4871,MOVE,False
35.805,0.4,0.2626,0.2583,0.1143,-0.0177,0.3935,3.8685,3.65,271.7,4887,MOVE,False
35.825,0.4,0.2648,0.2612,0.1195,-0.0197,0.3075,3.9614,3.37,270.19,4903,MOVE,False
35.845,0.4,0.2715,0.2686,0.1248,-0.0211,0.231,4.0651,3.19,270.07,4919,MOVE,False
35.865,0.4,0.2796,0.2776,0.1303,-0.0217,0.1649,4.1734,3.22,272.3,4935,MOVE,False
35.885,0.4,0.288,0.2872,0.136,-0.0216,0.1124,4.2778,3.46,275.54,4951,MOVE,False
35.905,0.4,0.2973,0.2976,0.1419,-0.0208,0.0716,4.3753,3.18,278.71,4969,MOVE,False
35.925,0.4,0.3038,0.3056,0.148,-0.0192,0.0461,4.4562,4.1,277.7,4989,MOVE,False
35.945,0.4,0.3082,0.312,0.1542,-0.0169,0.0339,4.5086,4.72,277.4,5009,MOVE,False
35.965,0.4,0.3057,0.3121,0.1604,-0.0141,0.0726,4.5052,5.06,273.9,5027,MOVE,False
35.985,0.4,0.2948,0.3048,0.1665,-0.011,0.2408,4.4404,5.35,264.14,5043,MOVE,False
36.005,0.4,0.3218,0.3312,0.1727,-0.0081,0.3741,4.4494,353.35,142.68,5059,MOVE,False
36.025,0.4,0.3545,0.355,0.1796,-0.0055,0.0414,4.6691,494.03,55.15,5074,MOVE,False
36.045,0.4,0.3354,0.3311,0.1864,-0.0034,-0.2032,4.837,367.82,4.64,5086,MOVE,False
36.065,0.4,0.3179,0.313,0.1927,-0.002,-0.2711,4.8874,295.89,4.05,5098,MOVE,False
36.085,0.4,0.3065,0.3028,0.1988,-0.0013,-0.2794,4.8714,273.03,3.53,5110,MOVE,False
36.105,0.4,0.3026,0.3004,0.2049,-0.0013,-0.2793,4.8347,273.04,3.26,5122,MOVE,False
36.125,0.4,0.3023,0.3013,0.2109,-0.0019,-0.2839,4.7948,276.9,3.16,5134,MOVE,False
36.145,0.4,0.3036,0.3037,0.2169,-0.0031,-0.2927,4.753,280.11,3.22,5146,MOVE,False
36.165,0.4,0.3066,0.3078,0.2231,-0.0048,-0.3029,4.7108,282.15,3.46,5158,MOVE,False
36.185,0.4,0.3096,0.3118,0.2294,-0.0071,-0.3122,4.6672,283.57,3.85,5170,MOVE,False
36.205,0.4,0.3109,0.3143,0.2357,-0.0099,-0.3167,4.616,283.76,4.16,5183,MOVE,False
36.225,0.4,0.3025,0.3077,0.2419,-0.0134,-0.3323,4.55,281.92,4.86,5196,MOVE,False
36.245,0.4,0.2857,0.2936,0.2478,-0.0172,-0.4073,4.4693,268.82,4.99,5208,MOVE,False
36.265,0.4,0.3051,0.3107,0.2537,-0.0212,-0.402,4.4782,209.85,289.54,5221,MOVE,False
36.285,0.4,0.3411,0.34,0.2602,-0.0249,-0.1746,4.6894,95.19,318.46,5237,MOVE,False
36.305,0.4,0.333,0.3266,0.2669,-0.0283,-0.0607,4.8652,4.1,376.85,5253,MOVE,False
36.325,0.4,0.3194,0.3124,0.2732,-0.0309,-0.1195,4.9166,3.85,291.4,5269,MOVE,False
36.345,0.4,0.3135,0.3081,0.2794,-0.0327,-0.2405,4.8989,3.23,261.21,5285,MOVE,False
36.365,0.4,0.316,0.3127,0.2856,-0.0337,-0.36,4.864,3.1,259.76,5301,MOVE,False
36.385,0.4,0.3211,0.3199,0.292,-0.0339,-0.4613,4.8285,3.16,264.09,5317,MOVE,False
36.405,0.4,0.3276,0.3284,0.2985,-0.0333,-0.5434,4.7939,3.34,267.69,5333,MOVE,False
36.425,0.4,0.3344,0.3375,0.3052,-0.0319,-0.6125,4.759,3.63,272.53,5349,MOVE,False
36.445,0.4,0.3376,0.3432,0.3121,-0.0298,-0.6771,4.7136,3.84,274.31,5365,MOVE,False
36.465,0.4,0.3355,0.344,0.319,-0.0272,-0.7088,4.6382,4.45,272.33,5381,MOVE,False
36.485,0.4,0.3215,0.3339,0.3257,-0.0244,-0.6169,4.5164,4.73,262.14,5397,MOVE,False
36.505,0.4,0.3608,0.3701,0.3326,-0.0216,-0.5996,4.5069,325.34,153.8,5413,MOVE,False
36.525,0.4,0.3754,0.376,0.3401,-0.0192,-0.85,4.6466,451.87,54.07,5428,MOVE,False
36.545,0.4,0.3501,0.3468,0.3472,-0.0173,-0.9708,4.7146,340.83,4.5,5440,MOVE,False
36.565,0.4,0.331,0.3273,0.3538,-0.0161,-0.9568,4.6848,282.43,3.95,5452,MOVE,False
36.585,0.4,0.3192,0.3167,0.3602,-0.0156,-0.918,4.6127,267.39,3.38,5464,MOVE,False
36.605,0.4,0.3146,0.3132,0.3665,-0.0158,-0.8849,4.5358,270.82,3.14,5476,MOVE,False
36.625,0.4,0.3133,0.3128,0.3728,-0.0166,-0.8605,4.4659,275.94,3.09,5488,MOVE,False
36.645,0.4,0.3137,0.3139,0.3791,-0.018,-0.8427,4.4023,279.22,3.22,5500,MOVE,False
36.665,0.4,0.3155,0.3165,0.3854,-0.02,-0.8292,4.3468,280.89,3.57,5512,MOVE,False
36.685,0.4,0.3167,0.3186,0.3918,-0.0226,-0.811,4.301,282.27,3.6,5526,MOVE,False
36.705,0.4,0.3092,0.3124,0.3981,-0.0259,-0.8056,4.245,282.16,4.66,5542,MOVE,False
36.725,0.4,0.2941,0.2993,0.4042,-0.0296,-0.8303,4.1823,270.28,5.06,5556,MOVE,False
36.745,0.4,0.2986,0.3039,0.4101,-0.0335,-0.9025,4.1899,253.06,185.7,5571,MOVE,False
36.765,0.4,0.3449,0.3425,0.4166,-0.0373,-0.7293,4.4133,130.28,320.48,5587,MOVE,False
36.785,0.4,0.3366,0.3285,0.4233,-0.0408,-0.6311,4.6185,3.46,383.85,5603,MOVE,False
36.805,0.4,0.3225,0.314,0.4297,-0.0435,-0.689,4.6943,3.9,291.88,5619,MOVE,False
36.825,0.4,0.3149,0.3084,0.4359,-0.0455,-0.8135,4.693,3.22,259.39,5635,MOVE,False
36.845,0.4,0.3165,0.3124,0.4421,-0.0467,-0.9385,4.6689,3.08,257.32,5651,MOVE,False
36.865,0.4,0.321,0.3194,0.4484,-0.0471,-1.0465,4.6413,3.12,262.18,5667,MOVE,False
36.885,0.4,0.3271,0.3279,0.4549,-0.0466,-1.1357,4.6133,3.3,266.51,5683,MOVE,False
36.905,0.4,0.3339,0.3372,0.4616,-0.0455,-1.2145,4.5853,3.61,274.31,5699,MOVE,False
36.925,0.4,0.3367,0.3427,0.4685,-0.0436,-1.2932,4.5459,3.94,272.45,5715,MOVE,False
36.945,0.4,0.3349,0.3441,0.4754,-0.0412,-1.3431,4.4792,4.48,272.45,5731,MOVE,False
36.965,0.4,0.3222,0.3353,0.4821,-0.0385,-1.2848,4.3687,4.69,253.71,5747,MOVE,False
36.985,0.4,0.3457,0.3584,0.4888,-0.0359,-1.213,4.3281,305.69,178.91,5763,MOVE,False
37.005,0.4,0.3761,0.3781,0.4963,-0.0336,-1.4839,4.4951,489.57,64.59,5778,MOVE,False
37.025,0.4,0.3497,0.3467,0.5034,-0.0317,-1.6501,4.603,347.91,4.29,5790,MOVE,False
37.045,0.4,0.3296,0.3258,0.51,-0.0306,-1.6512,4.6019,281.65,3.9,5802,MOVE,False
37.065,0.4,0.3167,0.3137,0.5164,-0.0301,-1.6165,4.5485,264.94,3.36,5814,MOVE,False
37.085,0.4,0.3113,0.3092,0.5226,-0.0303,-1.5832,4.4841,267.86,3.14,5826,MOVE,False
37.105,0.4,0.3094,0.3078,0.5287,-0.0311,-1.5563,4.4234,274.13,3.07,5838,MOVE,False
37.125,0.4,0.3093,0.3082,0.5349,-0.0325,-1.5347,4.3675,278.63,3.19,5850,MOVE,False
37.145,0.4,0.3109,0.3103,0.5411,-0.0345,-1.5167,4.3185,280.89,3.51,5862,MOVE,False
37.165,0.4,0.3122,0.312,0.5474,-0.0371,-1.495,4.2779,282.17,3.11,5875,MOVE,False
37.185,0.4,0.3082,0.3088,0.5536,-0.0403,-1.4806,4.2321,281.99,4.41,5891,MOVE,False
37.205,0.4,0.2933,0.2956,0.5596,-0.0441,-1.4976,4.1772,274.48,5.1,5906,MOVE,False
37.225,0.4,0.2799,0.2844,0.5654,-0.0481,-1.5669,4.1638,263.77,5.14,5920,MOVE,False
37.245,0.4,0.338,0.3346,0.5716,-0.052,-1.3892,4.3657,147.23,335.49,5936,MOVE,False
37.265,0.4,0.3376,0.3283,0.5782,-0.0556,-1.1937,4.6047,23.91,412.72,5952,MOVE,False
37.285,0.4,0.32,0.3098,0.5846,-0.0586,-1.2056,4.7057,4.03,308.06,5968,MOVE,False
37.305,0.4,0.3104,0.3024,0.5907,-0.0608,-1.3141,4.7095,3.3,262.35,5984,MOVE,False
37.325,0.4,0.3099,0.3047,0.5968,-0.0622,-1.4369,4.6808,3.07,255.27,6000,MOVE,False
37.345,0.4,0.3143,0.3119,0.6029,-0.0628,-1.5453,4.6475,3.09,259.99,6016,MOVE,False
37.365,0.4,0.3203,0.3208,0.6093,-0.0626,-1.6343,4.6148,3.25,265.51,6032,MOVE,False
37.385,0.4,0.3277,0.331,0.6159,-0.0617,-1.7124,4.5852,3.51,272.08,6048,MOVE,False
37.405,0.4,0.3317,0.3379,0.6226,-0.06,-1.7884,4.5473,3.85,272.7,6064,MOVE,False
37.425,0.4,0.332,0.3416,0.6294,-0.0578,-1.8478,4.4905,4.36,273.27,6080,MOVE,False
37.445,0.4,0.3235,0.3366,0.6362,-0.0552,-1.8278,4.3907,4.77,268.04,6096,MOVE,False
37.465,0.4,0.3263,0.3422,0.6428,-0.0526,-1.716,4.3093,199.8,192.81,6112,MOVE,False
37.485,0.4,0.3747,0.3806,0.6501,-0.0503,-1.9582,4.4569,507.63,96.12,6128,MOVE,False
37.505,0.4,0.3532,0.3519,0.6573,-0.0484,-2.175,4.5948,378.32,3.5,6140,MOVE,False
37.525,0.4,0.3317,0.3284,0.664,-0.0471,-2.1979,4.6142,292.7,4.04,6152,MOVE,False
37.545,0.4,0.3164,0.3133,0.6704,-0.0466,-2.1651,4.5654,266.79,3.48,6164,MOVE,False
37.565,0.4,0.3098,0.3073,0.6765,-0.0467,-2.1292,4.4989,266.75,3.19,6176,MOVE,False
37.585,0.4,0.3073,0.3051,0.6827,-0.0475,-2.1002,4.4349,272.68,3.07,6188,MOVE,False
37.605,0.4,0.3069,0.305,0.6888,-0.0488,-2.0767,4.3767,277.81,3.14,6200,MOVE,False
37.625,0.4,0.3084,0.3066,0.6949,-0.0507,-2.0561,4.3267,280.58,3.4,6212,MOVE,False
37.645,0.4,0.3094,0.3079,0.7011,-0.0533,-2.0352,4.2844,281.79,2.94,6225,MOVE,False
37.665,0.4,0.308,0.3069,0.7073,-0.0564,-2.014,4.2434,282.46,4.29,6241,MOVE,False
37.685,0.4,0.2945,0.2946,0.7133,-0.0601,-2.0146,4.1943,278.81,5.06,6256,MOVE,False
37.705,0.4,0.2785,0.2807,0.719,-0.0642,-2.0683,4.1703,264.88,5.13,6270,MOVE,False
37.725,0.4,0.3223,0.3189,0.7249,-0.0682,-2.0009,4.3088,185.81,333.72,6286,MOVE,False
37.745,0.4,0.3404,0.3301,0.7314,-0.072,-1.7604,4.5769,44.16,444.88,6302,MOVE,False
37.765,0.4,0.322,0.3098,0.7377,-0.0752,-1.7237,4.7214,4.29,329.39,6318,MOVE,False
37.785,0.4,0.3102,0.3001,0.7438,-0.0777,-1.8184,4.7459,3.41,266.38,6334,MOVE,False
37.805,0.4,0.3073,0.3005,0.7498,-0.0794,-1.9439,4.7228,3.08,253.55,6350,MOVE,False
37.825,0.4,0.3111,0.3077,0.7559,-0.0802,-2.0583,4.6907,3.06,257.46,6366,MOVE,False
37.845,0.4,0.3169,0.3167,0.7622,-0.0803,-2.1532,4.6589,3.21,263.92,6382,MOVE,False
37.865,0.4,0.3247,0.3278,0.7687,-0.0797,-2.2347,4.6314,3.42,267.6,6398,MOVE,False
37.885,0.4,0.3296,0.3358,0.7754,-0.0783,-2.3108,4.5982,3.78,272.97,6414,MOVE,False
37.905,0.4,0.3312,0.3409,0.7822,-0.0763,-2.3769,4.5477,4.25,273.34,6430,MOVE,False
37.925,0.4,0.3254,0.3388,0.789,-0.0739,-2.3813,4.4583,4.7,271.67,6446,MOVE,False
37.945,0.4,0.3226,0.3394,0.7956,-0.0714,-2.275,4.362,136.43,206.62,6462,MOVE,False
37.965,0.4,0.3668,0.3768,0.8028,-0.0691,-2.4535,4.45,314.98,124.13,6478,MOVE,False
37.985,0.4,0.353,0.3542,0.81,-0.0672,-2.6471,4.5613,397.49,20.7,6491,MOVE,False
38.005,0.4,0.3303,0.3283,0.8168,-0.0658,-2.661,4.5686,307.72,4.19,6503,MOVE,False
38.025,0.4,0.3137,0.3111,0.8231,-0.0652,-2.6164,4.5061,272.12,3.62,6515,MOVE,False
38.045,0.4,0.3062,0.3037,0.8292,-0.0654,-2.5717,4.4266,268.53,3.25,6527,MOVE,False
38.065,0.4,0.3035,0.301,0.8352,-0.0661,-2.5383,4.3536,273.62,3.09,6539,MOVE,False
38.085,0.4,0.3032,0.3006,0.8412,-0.0674,-2.514,4.2908,277.78,3.12,6551,MOVE,False
38.105,0.4,0.3046,0.3019,0.8473,-0.0694,-2.4936,4.2392,279.83,3.26,6563,MOVE,False
38.125,0.4,0.3058,0.3031,0.8534,-0.0719,-2.4748,4.1972,281.66,3.8,6575,MOVE,False
38.145,0.4,0.3053,0.3027,0.8595,-0.0751,-2.4518,4.1621,282.31,4.1,6591,MOVE,False
38.165,0.4,0.2921,0.2904,0.8654,-0.0788,-2.4481,4.1194,279.0,5.03,6607,MOVE,False
38.185,0.4,0.2768,0.2768,0.871,-0.0829,-2.4994,4.0991,267.73,5.18,6621,MOVE,False
38.205,0.4,0.3183,0.3131,0.8768,-0.0871,-2.4609,4.2349,195.17,312.33,6637,MOVE,False
38.225,0.4,0.3358,0.3241,0.8832,-0.091,-2.2623,4.4999,54.69,438.3,6653,MOVE,False
38.245,0.4,0.3186,0.3052,0.8895,-0.0944,-2.2426,4.6513,4.3,331.09,6669,MOVE,False
38.265,0.4,0.3069,0.2958,0.8954,-0.097,-2.3441,4.6854,3.51,268.48,6685,MOVE,False
38.285,0.4,0.3041,0.2965,0.9014,-0.0988,-2.4733,4.6719,3.1,254.94,6701,MOVE,False
38.305,0.4,0.3079,0.3039,0.9074,-0.0999,-2.5899,4.6486,3.07,258.32,6717,MOVE,False
38.325,0.4,0.3138,0.3133,0.9136,-0.1001,-2.6863,4.6244,3.21,264.21,6733,MOVE,False
38.345,0.4,0.3217,0.3248,0.92,-0.0996,-2.7691,4.6035,3.43,267.95,6749,MOVE,False
38.365,0.4,0.327,0.3337,0.9267,-0.0983,-2.8449,4.5774,3.76,273.62,6765,MOVE,False
38.385,0.4,0.329,0.3394,0.9334,-0.0965,-2.9135,4.533,4.21,273.36,6781,MOVE,False
38.405,0.4,0.324,0.3383,0.9402,-0.0941,-2.9322,4.4528,4.67,271.03,6797,MOVE,False
38.425,0.4,0.3085,0.3271,0.9468,-0.0917,-2.816,4.3438,4.89,256.37,6813,MOVE,False
38.445,0.4,0.366,0.3774,0.9539,-0.0894,-2.9835,4.426,344.47,125.99,6829,MOVE,False
38.465,0.4,0.3618,0.3643,0.9613,-0.0875,-3.2576,4.5777,429.47,24.87,6843,MOVE,False
38.485,0.4,0.3356,0.3339,0.9681,-0.0862,-3.322,4.6174,319.9,4.35,6855,MOVE,False
38.505,0.4,0.3167,0.3137,0.9745,-0.0856,-3.2904,4.5657,273.27,3.73,6867,MOVE,False
38.525,0.4,0.3068,0.3038,0.9807,-0.0856,-3.2471,4.4861,264.84,3.26,6879,MOVE,False
38.545,0.4,0.3031,0.2999,0.9867,-0.0864,-3.2118,4.4108,270.63,3.09,6891,MOVE,False
38.565,0.4,0.3022,0.2986,0.9926,-0.0877,-3.185,4.3469,276.15,3.09,6903,MOVE,False
38.585,0.4,0.3027,0.2987,0.9986,-0.0896,-3.1633,4.2929,279.66,3.3,6915,MOVE,False
38.605,0.4,0.3047,0.3003,1.0047,-0.0921,-3.144,4.2506,281.67,3.73,6927,MOVE,False
38.625,0.4,0.3051,0.3004,1.0107,-0.0952,-3.1202,4.218,282.76,3.97,6943,MOVE,False
38.645,0.4,0.2946,0.2902,1.0166,-0.0989,-3.1118,4.1779,281.94,4.99,6959,MOVE,False
38.665,0.4,0.2773,0.2746,1.0222,-0.1031,-3.1328,4.1376,264.29,5.12,6973,MOVE,False
38.685,0.4,0.3006,0.2955,1.0277,-0.1073,-3.167,4.2095,222.87,283.53,6989,MOVE,False
38.705,0.4,0.3356,0.3234,1.034,-0.1113,-2.9561,4.4753,88.15,458.25,7005,MOVE,False
38.725,0.4,0.3219,0.3065,1.0403,-0.115,-2.8787,4.6672,4.32,359.87,7021,MOVE,False
38.745,0.4,0.308,0.2947,1.0462,-0.1179,-2.9579,4.7254,3.76,279.03,7037,MOVE,False
38.765,0.4,0.303,0.2936,1.0521,-0.12,-3.0855,4.7187,3.14,255.82,7053,MOVE,False
38.785,0.4,0.3061,0.3007,1.0581,-0.1212,-3.2051,4.6955,3.07,257.22,7069,MOVE,False
38.805,0.4,0.3118,0.3104,1.0642,-0.1217,-3.3046,4.6701,3.17,263.1,7085,MOVE,False
38.825,0.4,0.319,0.3216,1.0706,-0.1215,-3.387,4.6453,3.34,267.3,7101,MOVE,False
38.845,0.4,0.3261,0.3327,1.0772,-0.1204,-3.4592,4.6191,3.7,275.17,7117,MOVE,False
38.865,0.4,0.329,0.3396,1.084,-0.1188,-3.5301,4.578,3.95,273.41,7133,MOVE,False
38.885,0.4,0.3266,0.3414,1.0908,-0.1166,-3.5656,4.506,4.54,272.02,7149,MOVE,False
38.905,0.4,0.3121,0.3311,1.0974,-0.1142,-3.48,4.3894,4.82,260.96,7165,MOVE,False
38.925,0.4,0.3553,0.37,1.1043,-0.1119,-3.5093,4.4026,349.23,148.34,7181,MOVE,False
38.945,0.4,0.3694,0.3743,1.1118,-0.11,-3.8091,4.5694,465.73,44.68,7196,MOVE,False
38.965,0.4,0.3428,0.3423,1.1188,-0.1086,-3.935,4.6492,339.39,4.49,7208,MOVE,False
38.985,0.4,0.3228,0.3201,1.1253,-0.1078,-3.9153,4.6245,278.99,3.85,7220,MOVE,False
39.005,0.4,0.3108,0.3076,1.1316,-0.1078,-3.8703,4.5569,264.04,3.31,7232,MOVE,False
39.025,0.4,0.3059,0.3022,1.1376,-0.1084,-3.8302,4.4856,268.7,3.11,7244,MOVE,False
39.045,0.4,0.3043,0.3001,1.1436,-0.1096,-3.7983,4.4226,274.73,3.07,7256,MOVE,False
39.065,0.4,0.3044,0.2995,1.1497,-0.1114,-3.7715,4.3677,279.16,3.24,7268,MOVE,False
39.085,0.4,0.3061,0.3006,1.1557,-0.1138,-3.7481,4.3228,281.45,3.59,7280,MOVE,False
39.105,0.4,0.3072,0.3009,1.1618,-0.1168,-3.7222,4.2891,282.91,3.75,7295,MOVE,False
39.125,0.4,0.2995,0.293,1.1677,-0.1204,-3.7099,4.2464,282.98,4.69,7311,MOVE,False
39.145,0.4,0.2846,0.2792,1.1734,-0.1245,-3.7287,4.1976,271.51,5.11,7325,MOVE,False
39.165,0.4,0.2862,0.2813,1.1789,-0.1287,-3.7806,4.2146,248.29,172.51,7340,MOVE,False
39.185,0.4,0.3333,0.3213,1.1849,-0.1329,-3.5916,4.446,130.33,318.04,7356,MOVE,False
39.205,0.4,0.3258,0.3088,1.1912,-0.1368,-3.4808,4.6609,3.27,389.36,7372,MOVE,False
39.225,0.4,0.3113,0.296,1.1972,-0.14,-3.5347,4.7424,3.93,294.75,7388,MOVE,False
39.245,0.4,0.3036,0.2923,1.2031,-0.1424,-3.6567,4.7433,3.23,260.52,7404,MOVE,False
39.265,0.4,0.3056,0.2987,1.209,-0.1439,-3.7769,4.7201,3.09,257.98,7420,MOVE,False
39.285,0.4,0.3106,0.3081,1.2151,-0.1447,-3.8786,4.693,3.14,262.68,7436,MOVE,False
39.305,0.4,0.3174,0.3192,1.2214,-0.1446,-3.9611,4.6655,3.32,267.14,7452,MOVE,False
39.325,0.4,0.3252,0.3314,1.228,-0.1439,-4.0334,4.6395,3.56,269.59,7468,MOVE,False
39.345,0.4,0.329,0.3395,1.2348,-0.1424,-4.1051,4.6023,3.93,273.59,7484,MOVE,False
39.365,0.4,0.3283,0.3432,1.2416,-0.1404,-4.1549,4.5371,4.42,272.97,7500,MOVE,False
39.385,0.4,0.3171,0.3364,1.2483,-0.138,-4.108,4.4293,4.63,255.48,7516,MOVE,False
39.405,0.4,0.3387,0.3573,1.2551,-0.1358,-4.0479,4.3848,306.84,172.44,7532,MOVE,False
39.425,0.4,0.3736,0.382,1.2625,-0.1339,-4.3325,4.5471,504.35,71.42,7547,MOVE,False
39.445,0.4,0.3491,0.3502,1.2697,-0.1323,-4.5097,4.661,366.97,4.4,7559,MOVE,False
39.465,0.4,0.3282,0.3258,1.2764,-0.1315,-4.502,4.6597,287.81,3.96,7571,MOVE,False
39.485,0.4,0.3134,0.3101,1.2827,-0.1313,-4.4535,4.5996,263.92,3.39,7583,MOVE,False
39.505,0.4,0.3072,0.3033,1.2888,-0.1318,-4.4072,4.5282,266.1,3.14,7595,MOVE,False
39.525,0.4,0.305,0.3002,1.2948,-0.133,-4.3701,4.4636,272.99,3.06,7607,MOVE,False
39.545,0.4,0.3048,0.2991,1.3008,-0.1347,-4.339,4.4072,278.01,3.18,7619,MOVE,False
39.565,0.4,0.3064,0.2998,1.3068,-0.137,-4.3117,4.3608,280.84,3.48,7631,MOVE,False
39.585,0.4,0.3074,0.2998,1.3129,-0.1399,-4.2839,4.3239,282.37,3.34,7645,MOVE,False
39.605,0.4,0.3043,0.296,1.3189,-0.1434,-4.2622,4.2848,282.49,4.46,7661,MOVE,False
39.625,0.4,0.2896,0.2818,1.3246,-0.1475,-4.2644,4.2372,276.46,5.09,7675,MOVE,False
39.645,0.4,0.2754,0.2697,1.3301,-0.1518,-4.3155,4.226,262.45,5.11,7689,MOVE,False
39.665,0.4,0.3293,0.3163,1.336,-0.156,-4.1559,4.4177,161.91,318.67,7705,MOVE,False
39.685,0.4,0.3303,0.3122,1.3423,-0.1601,-3.9756,4.6552,27.79,412.63,7721,MOVE,False
39.705,0.4,0.3134,0.2961,1.3483,-0.1635,-3.9922,4.7632,4.07,312.16,7737,MOVE,False
39.725,0.4,0.3037,0.2904,1.3541,-0.1661,-4.101,4.7737,3.34,265.32,7753,MOVE,False
39.745,0.4,0.3033,0.2947,1.36,-0.1678,-4.222,4.75,3.1,257.58,7769,MOVE,False
39.765,0.4,0.3079,0.304,1.366,-0.1688,-4.3269,4.7205,3.11,261.32,7785,MOVE,False
39.785,0.4,0.3143,0.315,1.3723,-0.1691,-4.4121,4.6909,3.26,266.19,7801,MOVE,False
39.805,0.4,0.3222,0.3277,1.3788,-0.1685,-4.4863,4.6641,3.47,268.77,7817,MOVE,False
39.825,0.4,0.3269,0.3369,1.3854,-0.1673,-4.5579,4.6292,3.83,273.45,7833,MOVE,False
39.845,0.4,0.3281,0.3428,1.3923,-0.1655,-4.6179,4.5747,4.31,273.61,7849,MOVE,False
39.865,0.4,0.3211,0.3401,1.3991,-0.1632,-4.6097,4.4775,4.71,269.29,7865,MOVE,False
39.885,0.4,0.3224,0.3441,1.4057,-0.161,-4.5059,4.3888,184.36,189.47,7881,MOVE,False
39.905,0.4,0.3708,0.3836,1.4131,-0.159,-4.7371,4.5146,338.75,110.63,7897,MOVE,False
39.925,0.4,0.3539,0.3574,1.4204,-0.1574,-4.9655,4.6455,401.1,3.34,7910,MOVE,False
39.945,0.4,0.3323,0.3309,1.4272,-0.1564,-4.9849,4.6611,302.79,4.18,7922,MOVE,False
39.965,0.4,0.3147,0.3117,1.4335,-0.1561,-4.9407,4.6025,267.66,3.56,7934,MOVE,False
39.985,0.4,0.3072,0.3032,1.4396,-0.1565,-4.8935,4.5255,265.31,3.2,7946,MOVE,False
40.005,0.4,0.3042,0.2992,1.4456,-0.1576,-4.8554,4.4547,271.76,3.07,7958,MOVE,False
40.025,0.4,0.3038,0.2976,1.4516,-0.1592,-4.8247,4.3939,277.14,3.13,7970,MOVE,False
40.045,0.4,0.3053,0.2979,1.4576,-0.1614,-4.7971,4.3451,280.09,3.33,7982,MOVE,False
40.065,0.4,0.3063,0.2977,1.4636,-0.1642,-4.7707,4.3059,281.59,2.74,7995,MOVE,False
40.085,0.4,0.3056,0.2959,1.4696,-0.1676,-4.7431,4.2721,282.79,4.26,8011,MOVE,False
40.105,0.4,0.2924,0.2826,1.4753,-0.1716,-4.7339,4.2303,279.74,5.05,8027,MOVE,False
40.125,0.4,0.2751,0.267,1.4808,-0.176,-4.77,4.2054,264.08,5.13,8040,MOVE,False
40.145,0.4,0.3162,0.303,1.4864,-0.1803,-4.7181,4.3352,195.43,308.72,8056,MOVE,False
40.165,0.4,0.3342,0.3148,1.4926,-0.1845,-4.5085,4.5986,55.89,439.72,8072,MOVE,False
40.185,0.4,0.3172,0.2973,1.4987,-0.1882,-4.4822,4.7514,4.31,333.16,8088,MOVE,False
40.205,0.4,0.3048,0.2888,1.5045,-0.191,-4.5806,4.7845,3.47,270.08,8104,MOVE,False
40.225,0.4,0.3021,0.2912,1.5103,-0.1931,-4.7066,4.7689,3.12,255.96,8120,MOVE,False
40.245,0.4,0.306,0.3003,1.5162,-0.1944,-4.8193,4.743,3.08,259.1,8136,MOVE,False
40.265,0.4,0.3121,0.3115,1.5224,-0.1949,-4.9112,4.7162,3.22,264.71,8152,MOVE,False
40.285,0.4,0.3202,0.3246,1.5288,-0.1946,-4.9896,4.6926,3.43,268.34,8168,MOVE,False
40.305,0.4,0.3259,0.3353,1.5355,-0.1936,-5.0602,4.6642,3.76,274.51,8184,MOVE,False
40.325,0.4,0.3282,0.3425,1.5423,-0.192,-5.1256,4.6171,4.18,273.72,8200,MOVE,False
40.345,0.4,0.3236,0.3426,1.5491,-0.1899,-5.1428,4.5332,4.62,270.55,8216,MOVE,False
40.365,0.4,0.3086,0.3319,1.5558,-0.1877,-5.0258,4.4193,4.86,257.22,8232,MOVE,False
40.385,0.4,0.3659,0.3812,1.563,-0.1858,-5.1942,4.4934,349.18,121.25,8248,MOVE,False
40.405,0.4,0.3624,0.3679,1.5705,-0.1842,-5.4671,4.6356,427.63,23.97,8262,MOVE,False
40.425,0.4,0.3366,0.3367,1.5774,-0.1831,-5.5318,4.6679,319.5,4.35,8274,MOVE,False
40.445,0.4,0.3181,0.3154,1.5838,-0.1828,-5.5009,4.6107,273.74,3.74,8286,MOVE,False
40.465,0.4,0.3082,0.3042,1.59,-0.1831,-5.4585,4.5261,265.3,3.28,8298,MOVE,False
40.485,0.4,0.3044,0.299,1.596,-0.1841,-5.4229,4.4462,270.83,3.11,8310,MOVE,False
40.505,0.4,0.3034,0.2965,1.6019,-0.1857,-5.395,4.3783,276.25,3.1,8322,MOVE,False
40.525,0.4,0.3038,0.2954,1.6078,-0.1879,-5.3708,4.321,279.89,3.3,8334,MOVE,False
40.545,0.4,0.3056,0.2957,1.6138,-0.1906,-5.3476,4.2766,281.76,3.7,8346,MOVE,False
40.565,0.4,0.306,0.2946,1.6197,-0.194,-5.321,4.2452,282.87,3.94,8362,MOVE,False
40.585,0.4,0.2954,0.2832,1.6255,-0.1979,-5.3078,4.2054,282.29,4.94,8378,MOVE,False
40.605,0.4,0.2783,0.2671,1.631,-0.2023,-5.3239,4.1666,264.82,5.11,8392,MOVE,False
40.625,0.4,0.3007,0.2872,1.6363,-0.2067,-5.3591,4.2399,226.22,271.96,8408,MOVE,False
40.645,0.4,0.3352,0.315,1.6424,-0.2111,-5.1577,4.5066,92.52,455.76,8424,MOVE,False
40.665,0.4,0.3217,0.2992,1.6485,-0.215,-5.0854,4.703,4.31,361.38,8440,MOVE,False
40.685,0.4,0.3071,0.2883,1.6544,-0.2182,-5.1675,4.7645,3.79,281.31,8456,MOVE,False
40.705,0.4,0.3019,0.2885,1.6601,-0.2206,-5.297,4.7597,3.14,256.48,8472,MOVE,False
40.725,0.4,0.3049,0.2972,1.666,-0.2222,-5.417,4.7381,3.07,257.72,8488,MOVE,False
40.745,0.4,0.3106,0.3083,1.6721,-0.2229,-5.5159,4.7139,3.17,263.32,8504,MOVE,False
40.765,0.4,0.3179,0.3211,1.6785,-0.223,-5.5971,4.6895,3.35,267.46,8520,MOVE,False
40.785,0.4,0.3252,0.3338,1.6851,-0.2223,-5.6678,4.6632,3.7,275.28,8536,MOVE,False
40.805,0.4,0.3283,0.3421,1.6919,-0.2209,-5.7383,4.621,3.92,273.47,8552,MOVE,False
40.825,0.4,0.3264,0.3453,1.6988,-0.219,-5.7762,4.5467,4.52,272.35,8568,MOVE,False
40.845,0.4,0.3128,0.3362,1.7055,-0.2168,-5.6997,4.425,4.79,262.05,8584,MOVE,False
40.865,0.4,0.353,0.372,1.7125,-0.2148,-5.717,4.4192,341.11,150.28,8600,MOVE,False
40.885,0.4,0.3679,0.3763,1.72,-0.2132,-5.9897,4.5662,455.06,49.45,8615,MOVE,False
40.905,0.4,0.3423,0.3441,1.727,-0.212,-6.1071,4.6368,340.05,4.48,8627,MOVE,False
40.925,0.4,0.3231,0.3211,1.7336,-0.2115,-6.0869,4.6099,280.97,3.91,8639,MOVE,False
40.945,0.4,0.311,0.3073,1.7398,-0.2117,-6.0433,4.5421,265.8,3.35,8651,MOVE,False
40.965,0.4,0.306,0.3006,1.7459,-0.2126,-6.0038,4.471,269.85,3.14,8663,MOVE,False
40.985,0.4,0.3044,0.2971,1.7518,-0.214,-5.9723,4.4086,275.37,3.08,8675,MOVE,False
41.005,0.4,0.3044,0.2954,1.7578,-0.2161,-5.9447,4.3553,279.51,3.23,8687,MOVE,False
41.025,0.4,0.3061,0.2953,1.7637,-0.2187,-5.919,4.3129,281.62,3.57,8699,MOVE,False
41.045,0.4,0.307,0.2944,1.7696,-0.2219,-5.8914,4.2826,282.92,3.69,8714,MOVE,False
41.065,0.4,0.3004,0.2863,1.7754,-0.2257,-5.8757,4.2456,282.7,4.62,8730,MOVE,False
41.085,0.4,0.2852,0.2713,1.781,-0.23,-5.8886,4.2044,272.3,5.12,8744,MOVE,False
41.105,0.4,0.286,0.2728,1.7863,-0.2345,-5.9368,4.229,250.78,150.57,8759,MOVE,False
41.125,0.4,0.3324,0.3123,1.7922,-0.239,-5.7557,4.4646,135.67,311.54,8775,MOVE,False
41.145,0.4,0.325,0.3003,1.7983,-0.2432,-5.6505,4.6855,3.17,391.19,8791,MOVE,False
41.165,0.4,0.3099,0.2886,1.8042,-0.2466,-5.7085,4.7718,3.95,295.83,8807,MOVE,False
41.185,0.4,0.3017,0.2859,1.8099,-0.2493,-5.8335,4.776,3.24,260.85,8823,MOVE,False
41.205,0.4,0.3035,0.2938,1.8157,-0.2511,-5.9551,4.7554,3.09,258.19,8839,MOVE,False
41.225,0.4,0.3086,0.3046,1.8217,-0.2521,-6.0569,4.7303,3.14,262.67,8855,MOVE,False
41.245,0.4,0.3154,0.3174,1.828,-0.2523,-6.1387,4.704,3.32,267.09,8871,MOVE,False
41.265,0.4,0.3233,0.3311,1.8346,-0.2518,-6.2094,4.6783,3.55,269.29,8887,MOVE,False
41.285,0.4,0.3275,0.3408,1.8413,-0.2507,-6.2779,4.6407,3.92,273.78,8903,MOVE,False
41.305,0.4,0.3274,0.3461,1.8482,-0.249,-6.3282,4.5752,4.4,273.18,8919,MOVE,False
41.325,0.4,0.318,0.3413,1.855,-0.2469,-6.2908,4.4645,4.72,266.06,8935,MOVE,False
41.345,0.4,0.3352,0.3581,1.8619,-0.2448,-6.23,4.4012,293.28,172.74,8951,MOVE,False
41.365,0.4,0.371,0.3831,1.8693,-0.2432,-6.4841,4.5366,494.69,77.83,8967,MOVE,False
41.385,0.4,0.3476,0.3515,1.8765,-0.2419,-6.6497,4.637,367.23,4.35,8979,MOVE,False
41.405,0.4,0.3278,0.3267,1.8832,-0.2413,-6.641,4.6322,290.27,4.01,8991,MOVE,False
41.425,0.4,0.3132,0.3097,1.8895,-0.2414,-6.5945,4.5717,266.22,3.43,9003,MOVE,False
41.445,0.4,0.307,0.3016,1.8956,-0.2421,-6.5502,4.5005,267.66,3.17,9015,MOVE,False
41.465,0.4,0.3048,0.2973,1.9015,-0.2434,-6.5145,4.4365,273.89,3.08,9027,MOVE,False
41.485,0.4,0.3045,0.295,1.9075,-0.2454,-6.4843,4.3816,278.5,3.17,9039,MOVE,False
41.505,0.4,0.3061,0.2945,1.9134,-0.2479,-6.4562,4.3377,281.1,3.46,9051,MOVE,False
41.525,0.4,0.3071,0.2934,1.9193,-0.251,-6.4276,4.3042,282.34,3.28,9065,MOVE,False
41.545,0.4,0.3044,0.2888,1.9252,-0.2548,-6.4041,4.2702,282.58,4.44,9081,MOVE,False
41.565,0.4,0.2901,0.2739,1.9308,-0.259,-6.4009,4.2302,278.13,5.11,9096,MOVE,False
41.585,0.4,0.2754,0.2612,1.936,-0.2635,-6.4475,4.2282,263.31,5.12,9110,MOVE,False
41.605,0.4,0.328,0.3067,1.9418,-0.2681,-6.2972,4.4233,166.92,311.98,9126,MOVE,False
41.625,0.4,0.3296,0.3038,1.9479,-0.2724,-6.1235,4.6672,29.48,413.91,9142,MOVE,False
41.645,0.4,0.3121,0.2884,1.9538,-0.2761,-6.145,4.7816,4.09,313.21,9158,MOVE,False
41.665,0.4,0.3018,0.2837,1.9595,-0.2789,-6.258,4.7963,3.35,265.42,9174,MOVE,False
41.685,0.4,0.3012,0.2893,1.9652,-0.281,-6.3813,4.7761,3.1,257.65,9190,MOVE,False
41.705,0.4,0.3058,0.3,1.9711,-0.2822,-6.4871,4.7495,3.1,261.23,9206,MOVE,False
41.725,0.4,0.3122,0.3126,1.9773,-0.2827,-6.5722,4.722,3.25,266.07,9222,MOVE,False
41.745,0.4,0.3202,0.3267,1.9838,-0.2824,-6.6457,4.6962,3.48,268.91,9238,MOVE,False
41.765,0.4,0.3253,0.3376,1.9905,-0.2815,-6.7142,4.6622,3.82,274.0,9254,MOVE,False
41.785,0.4,0.3268,0.3449,1.9973,-0.28,-6.7741,4.6065,4.28,273.82,9270,MOVE,False
41.805,0.4,0.3205,0.3435,2.0042,-0.278,-6.7714,4.5058,4.69,270.28,9286,MOVE,False
41.825,0.4,0.3199,0.3457,2.0109,-0.2759,-6.6644,4.4018,163.09,196.8,9302,MOVE,False
41.845,0.4,0.3672,0.3838,2.0183,-0.2742,-6.8698,4.4986,332.64,114.48,9318,MOVE,False
41.865,0.4,0.3524,0.3587,2.0256,-0.2728,-7.0778,4.6118,395.37,16.89,9331,MOVE,False
41.885,0.4,0.3299,0.33,2.0324,-0.2721,-7.095,4.6163,303.98,4.15,9343,MOVE,False
41.905,0.4,0.3131,0.3102,2.0387,-0.272,-7.0527,4.5509,269.35,3.58,9355,MOVE,False
41.925,0.4,0.3055,0.3004,2.0448,-0.2726,-7.0082,4.469,266.59,3.22,9367,MOVE,False
41.945,0.4,0.3028,0.2953,2.0507,-0.2738,-6.9726,4.3952,272.57,3.08,9379,MOVE,False
41.965,0.4,0.3024,0.2926,2.0566,-0.2757,-6.944,4.3332,277.55,3.12,9391,MOVE,False
41.985,0.4,0.3035,0.2915,2.0624,-0.2781,-6.9168,4.2831,280.07,3.23,9403,MOVE,False
42.005,0.4,0.305,0.2906,2.0683,-0.281,-6.8902,4.2443,281.67,2.63,9416,MOVE,False
42.025,0.4,0.3046,0.2879,2.0741,-0.2846,-6.8611,4.213,282.97,4.21,9432,MOVE,False
42.045,0.4,0.2927,0.2747,2.0797,-0.2888,-6.8468,4.1761,280.87,5.05,9448,MOVE,False
42.065,0.4,0.2754,0.2586,2.085,-0.2933,-6.8693,4.1504,263.84,5.14,9462,MOVE,False
42.085,0.4,0.302,0.2822,2.0902,-0.2979,-6.8818,4.2537,218.47,306.69,9478,MOVE,False
42.105,0.4,0.3371,0.309,2.0962,-0.3024,-6.6434,4.5509,67.97,460.85,9494,MOVE,False
42.125,0.4,0.3177,0.2901,2.1022,-0.3064,-6.5692,4.7448,4.21,339.32,9510,MOVE,False
42.145,0.4,0.3051,0.2829,2.1079,-0.3096,-6.6419,4.8058,3.56,269.43,9526,MOVE,False
42.165,0.4,0.3011,0.2854,2.1136,-0.3121,-6.7576,4.8059,3.11,254.57,9542,MOVE,False
42.185,0.4,0.3046,0.2955,2.1194,-0.3137,-6.8674,4.7885,3.07,257.39,9558,MOVE,False
42.205,0.4,0.3106,0.3079,2.1255,-0.3146,-6.959,4.7663,3.2,263.94,9574,MOVE,False
42.225,0.4,0.3184,0.3222,2.1318,-0.3147,-7.0365,4.7439,3.36,268.11,9590,MOVE,False
42.245,0.4,0.3252,0.3354,2.1385,-0.3142,-7.1042,4.7178,3.71,273.12,9606,MOVE,False
42.265,0.4,0.3286,0.3447,2.1453,-0.3129,-7.1706,4.6741,4.02,274.63,9622,MOVE,False
42.285,0.4,0.3262,0.3479,2.1522,-0.3112,-7.2018,4.5957,4.56,272.28,9638,MOVE,False
42.305,0.4,0.3116,0.3378,2.159,-0.3093,-7.1076,4.469,4.86,261.09,9654,MOVE,False
42.325,0.4,0.3544,0.3753,2.1661,-0.3075,-7.1476,4.4667,361.94,138.51,9670,MOVE,False
42.345,0.4,0.3702,0.3797,2.1736,-0.3061,-7.4655,4.6202,468.22,39.2,9685,MOVE,False
42.365,0.4,0.3446,0.3469,2.1808,-0.3052,-7.6016,4.6886,339.5,4.49,9697,MOVE,False
42.385,0.4,0.3254,0.3229,2.1874,-0.305,-7.589,4.6544,279.45,3.86,9709,MOVE,False
42.405,0.4,0.3134,0.3084,2.1936,-0.3055,-7.5487,4.5775,264.75,3.34,9721,MOVE,False
42.425,0.4,0.3084,0.301,2.1997,-0.3066,-7.511,4.497,268.84,3.13,9733,MOVE,False
42.445,0.4,0.3067,0.2968,2.2056,-0.3082,-7.4806,4.4258,274.67,3.08,9745,MOVE,False
42.465,0.4,0.3067,0.2943,2.2115,-0.3105,-7.4536,4.3644,279.2,3.23,9757,MOVE,False
42.485,0.4,0.3082,0.2932,2.2174,-0.3134,-7.428,4.3151,281.47,3.57,9769,MOVE,False
42.505,0.4,0.3088,0.2912,2.2233,-0.3168,-7.4001,4.2793,282.77,3.7,9784,MOVE,False
42.525,0.4,0.3009,0.2811,2.2291,-0.3209,-7.3852,4.2372,282.71,4.65,9800,MOVE,False
42.545,0.4,0.2854,0.2655,2.2345,-0.3254,-7.3987,4.1936,270.7,5.09,9814,MOVE,False
42.565,0.4,0.2882,0.2686,2.2397,-0.33,-7.4475,4.2263,249.61,176.75,9829,MOVE,False
42.585,0.4,0.3368,0.3104,2.2455,-0.3347,-7.2442,4.4825,129.84,316.89,9845,MOVE,False
42.605,0.4,0.3279,0.2974,2.2516,-0.3391,-7.1214,4.7137,3.41,392.65,9861,MOVE,False
42.625,0.4,0.3114,0.2856,2.2574,-0.3427,-7.1776,4.8006,3.93,293.85,9877,MOVE,False
42.645,0.4,0.3026,0.2835,2.2631,-0.3455,-7.3051,4.8027,3.2,258.72,9893,MOVE,False
42.665,0.4,0.3043,0.2923,2.2689,-0.3475,-7.4291,4.7804,3.07,256.68,9909,MOVE,False
42.685,0.4,0.3092,0.3041,2.2749,-0.3487,-7.5327,4.7543,3.13,261.87,9925,MOVE,False
42.705,0.4,0.3161,0.3178,2.2811,-0.3491,-7.6158,4.7272,3.32,266.78,9941,MOVE,False
42.725,0.4,0.3239,0.3324,2.2877,-0.3488,-7.6872,4.7004,3.57,269.68,9957,MOVE,False
42.745,0.4,0.3283,0.3432,2.2945,-0.3478,-7.7538,4.6619,3.93,274.45,9973,MOVE,False
42.765,0.4,0.328,0.349,2.3015,-0.3463,-7.8035,4.5926,4.41,273.58,9989,MOVE,False
42.785,0.4,0.3186,0.3445,2.3083,-0.3444,-7.7667,4.4753,4.72,266.45,10005,MOVE,False
42.805,0.4,0.3349,0.3603,2.3152,-0.3426,-7.7029,4.3994,289.66,173.16,10021,MOVE,False
42.825,0.4,0.3704,0.3846,2.3227,-0.3411,-7.9456,4.5206,488.9,81.81,10037,MOVE,False
42.845,0.4,0.3481,0.3535,2.33,-0.34,-8.1082,4.6142,366.99,4.33,10049,MOVE,False
42.865,0.4,0.3289,0.3282,2.3367,-0.3395,-8.1028,4.6082,291.61,4.03,10061,MOVE,False
42.885,0.4,0.3144,0.3104,2.343,-0.3398,-8.0596,4.5477,267.71,3.45,10073,MOVE,False
42.905,0.4,0.3082,0.3015,2.3491,-0.3407,-8.0177,4.4765,268.66,3.19,10085,MOVE,False
42.925,0.4,0.3059,0.2962,2.355,-0.3422,-7.9839,4.4125,274.44,3.08,10097,MOVE,False
42.945,0.4,0.3056,0.2931,2.3609,-0.3443,-7.9548,4.3578,278.85,3.17,10109,MOVE,False
42.965,0.4,0.307,0.2917,2.3668,-0.347,-7.9267,4.3148,281.28,3.44,10121,MOVE,False
42.985,0.4,0.3079,0.2897,2.3726,-0.3503,-7.8979,4.2826,282.34,3.24,10135,MOVE,False
43.005,0.4,0.3052,0.2844,2.3784,-0.3542,-7.8738,4.2513,282.62,4.43,10151,MOVE,False
43.025,0.4,0.2912,0.269,2.3839,-0.3586,-7.868,4.2156,279.1,5.12,10166,MOVE,False
43.045,0.4,0.2763,0.2559,2.3891,-0.3633,-7.9128,4.2201,263.8,5.13,10180,MOVE,False
43.065,0.4,0.3281,0.3007,2.3947,-0.368,-7.7957,4.4186,169.64,311.51,10196,MOVE,False
43.085,0.4,0.3307,0.299,2.4007,-0.3725,-7.6301,4.6694,30.47,416.45,10212,MOVE,False
43.105,0.4,0.3125,0.2839,2.4065,-0.3763,-7.6555,4.7884,4.1,313.59,10228,MOVE,False
43.125,0.4,0.3015,0.2798,2.4121,-0.3793,-7.7724,4.8054,3.34,264.8,10244,MOVE,False
43.145,0.4,0.3007,0.2863,2.4178,-0.3815,-7.8985,4.7868,3.09,257.16,10260,MOVE,False
43.165,0.4,0.3051,0.2978,2.4237,-0.383,-8.0061,4.7614,3.1,260.86,10276,MOVE,False
43.185,0.4,0.3115,0.3114,2.4298,-0.3836,-8.0921,4.7346,3.25,265.84,10292,MOVE,False
43.205,0.4,0.3195,0.3265,2.4363,-0.3836,-8.1658,4.709,3.47,268.85,10308,MOVE,False
43.225,0.4,0.3247,0.3384,2.443,-0.3828,-8.2336,4.6742,3.82,274.02,10324,MOVE,False
43.245,0.4,0.3263,0.3466,2.4499,-0.3814,-8.2933,4.6167,4.27,273.81,10340,MOVE,False
43.265,0.4,0.3205,0.3461,2.4568,-0.3796,-8.291,4.5128,4.68,270.95,10356,MOVE,False
43.285,0.4,0.3192,0.3475,2.4635,-0.3778,-8.1822,4.3994,153.15,199.98,10372,MOVE,False
43.305,0.4,0.3654,0.3843,2.4709,-0.3762,-8.3764,4.4796,330.14,116.17,10388,MOVE,False
43.325,0.4,0.3517,0.3598,2.4783,-0.375,-8.5762,4.5825,394.89,17.87,10401,MOVE,False
43.345,0.4,0.3296,0.3306,2.4851,-0.3744,-8.594,4.5832,305.27,4.16,10413,MOVE,False
43.365,0.4,0.3132,0.3101,2.4914,-0.3745,-8.5537,4.5163,270.71,3.61,10425,MOVE,False
43.385,0.4,0.3056,0.2994,2.4974,-0.3753,-8.5112,4.4336,267.6,3.24,10437,MOVE,False
43.405,0.4,0.3028,0.2935,2.5033,-0.3767,-8.4771,4.3595,273.14,3.09,10449,MOVE,False
43.425,0.4,0.3024,0.2899,2.5091,-0.3786,-8.4496,4.2978,277.86,3.12,10461,MOVE,False
43.445,0.4,0.3033,0.2877,2.5149,-0.3812,-8.4232,4.248,280.4,3.29,10473,MOVE,False
43.465,0.4,0.305,0.2863,2.5207,-0.3843,-8.3965,4.2107,281.7,2.58,10486,MOVE,False
43.485,0.4,0.3046,0.2828,2.5264,-0.388,-8.367,4.1823,282.96,4.18,10502,MOVE,False
43.505,0.4,0.2931,0.2691,2.5319,-0.3924,-8.3512,4.1498,281.18,5.04,10518,MOVE,False
43.525,0.4,0.2758,0.2527,2.5371,-0.397,-8.3685,4.1283,263.85,5.14,10532,MOVE,False
43.545,0.4,0.3023,0.2762,2.5422,-0.4017,-8.3795,4.2387,220.93,299.0,10548,MOVE,False
43.565,0.4,0.3367,0.3026,2.5481,-0.4064,-8.1475,4.5414,70.89,459.45,10564,MOVE,False
43.585,0.4,0.3171,0.2843,2.5539,-0.4106,-8.0775,4.7404,4.21,340.04,10580,MOVE,False
43.605,0.4,0.3041,0.2778,2.5595,-0.414,-8.153,4.8056,3.57,270.01,10596,MOVE,False
43.625,0.4,0.2999,0.2811,2.5651,-0.4166,-8.2705,4.8091,3.11,254.8,10612,MOVE,False
43.645,0.4,0.3033,0.2921,2.5709,-0.4184,-8.3811,4.7942,3.07,257.59,10628,MOVE,False
43.665,0.4,0.3092,0.3055,2.5769,-0.4195,-8.4728,4.774,3.19,264.02,10644,MOVE,False
43.685,0.4,0.3171,0.3207,2.5832,-0.4198,-8.5497,4.7527,3.35,268.13,10660,MOVE,False
43.705,0.4,0.324,0.3351,2.5898,-0.4194,-8.6163,4.727,3.7,272.85,10676,MOVE,False
43.725,0.4,0.3275,0.3453,2.5967,-0.4184,-8.6821,4.6829,3.99,274.58,10692,MOVE,False
43.745,0.4,0.3255,0.3495,2.6036,-0.4168,-8.7148,4.6033,4.55,272.5,10708,MOVE,False
43.765,0.4,0.3116,0.3402,2.6105,-0.415,-8.625,4.4726,4.84,261.85,10724,MOVE,False
43.785,0.4,0.3521,0.3754,2.6175,-0.4134,-8.657,4.4562,355.56,139.52,10740,MOVE,False
43.805,0.4,0.3684,0.3799,2.6251,-0.4122,-8.957,4.5957,460.03,42.42,10755,MOVE,False
43.825,0.4,0.3437,0.3471,2.6322,-0.4115,-9.0884,4.6584,340.35,4.48,10767,MOVE,False
43.845,0.4,0.325,0.3226,2.6388,-0.4115,-9.0762,4.6237,281.09,3.89,10779,MOVE,False
43.865,0.4,0.313,0.3072,2.645,-0.4121,-9.0374,4.5476,266.08,3.36,10791,MOVE,False
43.885,0.4,0.3081,0.299,2.6511,-0.4133,-9.0013,4.4682,269.69,3.15,10803,MOVE,False
43.905,0.4,0.3064,0.2939,2.657,-0.4151,-8.9721,4.3983,275.21,3.09,10815,MOVE,False
43.925,0.4,0.3064,0.2906,2.6628,-0.4175,-8.9456,4.3388,279.48,3.23,10827,MOVE,False
43.945,0.4,0.3078,0.2888,2.6686,-0.4205,-8.9197,4.2921,281.59,3.56,10839,MOVE,False
43.965,0.4,0.3085,0.286,2.6744,-0.4241,-8.8917,4.2594,282.75,3.67,10854,MOVE,False
43.985,0.4,0.3012,0.2758,2.68,-0.4283,-8.8755,4.2221,282.53,4.61,10870,MOVE,False
44.005,0.4,0.2857,0.2595,2.6854,-0.433,-8.8868,4.1849,271.19,5.1,10884,MOVE,False
44.025,0.4,0.2883,0.2624,2.6904,-0.4378,-8.9349,4.2251,251.04,167.33,10899,MOVE,False
44.045,0.4,0.3364,0.3037,2.6962,-0.4426,-8.7389,4.4868,133.09,312.52,10915,MOVE,False
44.065,0.4,0.3274,0.291,2.7021,-0.4472,-8.6217,4.7235,3.36,393.69,10931,MOVE,False
44.085,0.4,0.3103,0.2798,2.7078,-0.451,-8.6816,4.8145,3.94,294.49,10947,MOVE,False
44.105,0.4,0.3012,0.2786,2.7133,-0.4539,-8.8117,4.8196,3.2,258.93,10963,MOVE,False
44.125,0.4,0.3028,0.2883,2.719,-0.4561,-8.9371,4.7998,3.07,256.78,10979,MOVE,False
44.145,0.4,0.3077,0.301,2.725,-0.4575,-9.0415,4.7755,3.13,261.83,10995,MOVE,False
44.165,0.4,0.3145,0.3158,2.7312,-0.4581,-9.1245,4.7499,3.32,266.73,11011,MOVE,False
44.185,0.4,0.3224,0.3314,2.7377,-0.458,-9.1951,4.7236,3.56,269.37,11027,MOVE,False
44.205,0.4,0.327,0.3432,2.7445,-0.4572,-9.2601,4.6848,3.92,274.44,11043,MOVE,False
44.225,0.4,0.3271,0.3501,2.7515,-0.4558,-9.3098,4.6156,4.39,273.66,11059,MOVE,False
44.245,0.4,0.3183,0.3467,2.7584,-0.4541,-9.2765,4.4965,4.71,267.22,11075,MOVE,False
44.265,0.4,0.3328,0.3607,2.7653,-0.4524,-9.2107,4.4093,281.39,173.13,11091,MOVE,False
44.285,0.4,0.3683,0.3846,2.7728,-0.4511,-9.4348,4.514,478.04,87.15,11107,MOVE,False
44.305,0.4,0.3471,0.3536,2.7801,-0.4502,-9.5913,4.5987,366.38,3.5,11119,MOVE,False
44.325,0.4,0.3273,0.3268,2.7868,-0.4499,-9.5855,4.5855,292.6,4.01,11131,MOVE,False
44.345,0.4,0.3131,0.3085,2.7931,-0.4504,-9.543,4.5195,268.47,3.46,11143,MOVE,False
44.365,0.4,0.3069,0.2987,2.7991,-0.4514,-9.5024,4.4441,268.97,3.19,11155,MOVE,False
44.385,0.4,0.3047,0.2928,2.805,-0.453,-9.4699,4.3771,274.58,3.08,11167,MOVE,False
44.405,0.4,0.3045,0.289,2.8108,-0.4553,-9.4419,4.3206,278.92,3.16,11179,MOVE,False
44.425,0.4,0.306,0.2869,2.8166,-0.4581,-9.4137,4.2769,281.3,3.42,11191,MOVE,False
44.445,0.4,0.3068,0.2841,2.8223,-0.4615,-9.3842,4.2446,282.25,3.15,11205,MOVE,False
44.465,0.4,0.305,0.2788,2.8279,-0.4655,-9.3559,4.2171,282.85,4.41,11221,MOVE,False
44.485,0.4,0.2912,0.263,2.8333,-0.4701,-9.3454,4.1853,280.2,5.12,11237,MOVE,False
44.505,0.4,0.2755,0.2487,2.8384,-0.4749,-9.385,4.1888,265.4,5.16,11251,MOVE,False
44.525,0.4,0.3198,0.2874,2.8437,-0.4797,-9.2964,4.3667,188.47,323.38,11267,MOVE,False
44.545,0.4,0.3334,0.2949,2.8495,-0.4844,-9.074,4.6561,36.41,433.14,11283,MOVE,False
44.565,0.4,0.3133,0.2788,2.8552,-0.4885,-9.052,4.8104,4.15,316.5,11299,MOVE,False
44.585,0.4,0.3016,0.2748,2.8608,-0.4918,-9.1454,4.8483,3.35,263.87,11315,MOVE,False
44.605,0.4,0.3,0.2816,2.8663,-0.4943,-9.2614,4.8404,3.09,255.17,11331,MOVE,False
44.625,0.4,0.3042,0.2939,2.8721,-0.496,-9.3658,4.8204,3.09,259.58,11347,MOVE,False
44.645,0.4,0.3106,0.3083,2.8782,-0.4969,-9.4503,4.7964,3.24,265.52,11363,MOVE,False
44.665,0.4,0.3188,0.3245,2.8846,-0.4972,-9.5223,4.7725,3.46,269.07,11379,MOVE,False
44.685,0.4,0.3249,0.3384,2.8913,-0.4967,-9.5858,4.7416,3.8,276.21,11395,MOVE,False
44.705,0.4,0.3274,0.3481,2.8982,-0.4956,-9.6454,4.6886,4.21,274.57,11411,MOVE,False
44.725,0.4,0.3228,0.3497,2.9052,-0.4941,-9.6538,4.5925,4.61,270.75,11427,MOVE,False
44.745,0.4,0.3086,0.3397,2.912,-0.4924,-9.5273,4.4621,4.85,257.66,11443,MOVE,False
44.765,0.4,0.3648,0.3865,2.9193,-0.491,-9.6997,4.5137,359.06,112.55,11459,MOVE,False
44.785,0.4,0.3633,0.3732,2.9269,-0.49,-9.9775,4.637,425.06,22.28,11473,MOVE,False
44.805,0.4,0.3388,0.3407,2.9339,-0.4896,-10.0496,4.6577,319.4,4.34,11485,MOVE,False
44.825,0.4,0.321,0.3173,2.9404,-0.4898,-10.0262,4.593,275.04,3.75,11497,MOVE,False
44.845,0.4,0.3111,0.3036,2.9465,-0.4907,-9.9895,4.5016,266.52,3.31,11509,MOVE,False
44.865,0.4,0.3073,0.2958,2.9525,-0.4922,-9.9577,4.4154,271.37,3.13,11521,MOVE,False
44.885,0.4,0.3061,0.2908,2.9583,-0.4943,-9.9319,4.3424,276.61,3.1,11533,MOVE,False
44.905,0.4,0.3063,0.2872,2.9641,-0.497,-9.9073,4.2819,280.2,3.28,11545,MOVE,False
44.925,0.4,0.3079,0.2849,2.9699,-0.5003,-9.8817,4.2365,281.42,2.52,11558,MOVE,False
44.945,0.4,0.308,0.281,2.9756,-0.5041,-9.8541,4.2074,282.98,4.04,11574,MOVE,False
44.965,0.4,0.2974,0.2673,2.981,-0.5086,-9.8374,4.1726,282.33,4.9,11590,MOVE,False
44.985,0.4,0.2804,0.2502,2.9862,-0.5134,-9.8479,4.1451,264.13,5.1,11604,MOVE,False
45.005,0.4,0.3027,0.2703,2.9912,-0.5183,-9.8786,4.2378,230.18,263.03,11620,MOVE,False
45.025,0.4,0.3375,0.2988,2.997,-0.5232,-9.6718,4.5263,95.4,460.86,11636,MOVE,False
45.045,0.4,0.3227,0.2834,3.0027,-0.5277,-9.6008,4.7393,4.35,364.99,11652,MOVE,False
