time_s,base_height_m,height_pct_change,roll_deg,pitch_deg,tilt_deg,max_joint_error_rad,max_joint_error_deg,status
0.000,0.630000,0.0000,0.0000,0.0000,0.0000,0.000000,0.0000,PASS
0.500,0.630896,0.1422,0.0005,-1.3403,1.3403,0.008140,0.4664,PASS
1.000,0.631945,0.3087,0.0004,-2.8036,2.8036,0.020085,1.1508,PASS
1.500,0.631505,0.2390,0.0004,-2.1545,2.1545,0.014742,0.8447,PASS
2.000,0.630471,0.0748,0.0004,-0.8110,0.8110,0.005072,0.2906,PASS
2.500,0.630622,0.0987,0.0004,-0.9953,0.9953,0.005555,0.3183,PASS
3.000,0.631477,0.2345,0.0004,-2.1176,2.1176,0.014487,0.8300,PASS
3.500,0.631571,0.2493,0.0004,-2.2486,2.2486,0.015529,0.8898,PASS
4.000,0.630931,0.1478,0.0004,-1.3833,1.3833,0.008434,0.4832,PASS
4.500,0.630672,0.1067,0.0004,-1.0576,1.0576,0.005912,0.3388,PASS
5.000,0.631151,0.1827,0.0004,-1.6721,1.6721,0.010833,0.6207,PASS
5.500,0.631454,0.2308,0.0004,-2.0844,2.0844,0.014198,0.8135,PASS
6.000,0.631170,0.1858,0.0004,-1.6967,1.6967,0.011011,0.6309,PASS
6.500,0.630840,0.1333,0.0004,-1.2671,1.2671,0.007492,0.4292,PASS
7.000,0.630998,0.1584,0.0004,-1.4711,1.4711,0.009178,0.5258,PASS
7.500,0.631295,0.2056,0.0004,-1.8659,1.8659,0.012413,0.7112,PASS
8.000,0.631248,0.1981,0.0004,-1.8015,1.8015,0.011875,0.6804,PASS
8.500,0.630997,0.1582,0.0004,-1.4686,1.4686,0.009145,0.5240,PASS
9.000,0.630972,0.1542,0.0004,-1.4365,1.4365,0.008890,0.5093,PASS
9.500,0.631169,0.1855,0.0004,-1.6956,1.6956,0.011018,0.6313,PASS
10.000,0.631236,0.1963,0.0004,-1.7859,1.7859,0.011752,0.6733,PASS
